"system";"bug_id";"instance_id";"is_ob";"is_eb";"is_sr"
"libreoffice";"71330";"2.3";"x";"";""
"facebook";"9120";"1.1";"x";"";""
"httpd";"26391";"1.1";"x";"x";""
"docker";"20876";"19.1";"";"";"x"
"httpd";"19441";"1.1";"x";"";""
"openmrs";"TRUNK-4108";"1.2";"x";"";""
"hibernate";"HHH-6942";"12.1";"x";"";""
"facebook";"8717";"2.1";"x";"";""
"openmrs";"TRUNK-834";"4.1";"x";"";""
"hibernate";"HHH-4808";"5.2";"x";"";""
"libreoffice";"60429";"4.1";"x";"";""
"firefox";"505642";"2.1";"x";"";""
"libreoffice";"81062";"1.1";"x";"";""
"hibernate";"HHH-10444";"1.1";"x";"";""
"facebook";"3427";"3.1";"";"";"x"
"facebook";"8818";"3.3";"x";"";""
"openmrs";"TRUNK-4108";"1.3";"x";"";""
"httpd";"41441";"2.1";"x";"";""
"firefox";"367386";"1.1";"x";"";""
"hibernate";"HHH-1930";"1.1";"x";"";""
"firefox";"468805";"6.1";"x";"x";""
"wordpress-android";"3645";"3.2";"x";"";""
"wordpress-android";"3665";"1.2";"x";"";""
"hibernate";"HHH-104";"12.12";"x";"";""
"httpd";"15870";"2.1";"";"";"x"
"facebook";"13018";"1.1";"x";"";""
"httpd";"40981";"2.1";"";"";"x"
"docker";"19438";"1.1";"x";"";""
"firefox";"261198";"5.1";"";"x";""
"wordpress-android";"661";"1.1";"";"x";""
"httpd";"42340";"3.1";"x";"";""
"httpd";"45356";"3.2";"x";"";""
"httpd";"9972";"5.1";"x";"";""
"libreoffice";"46461";"11.1";"x";"";""
"firefox";"534059";"6.3";"x";"";""
"eclipse";"41883";"1.2";"x";"";""
"eclipse";"321564";"3.6";"x";"x";""
"hibernate";"HHH-4808";"5.3";"x";"";""
"libreoffice";"98781";"1.1";"x";"";""
"facebook";"2736";"3.1";"x";"";""
"httpd";"33499";"3.2";"";"x";""
"httpd";"19441";"1.2";"x";"";""
"docker";"4642";"4.1";"x";"";""
"facebook";"8818";"3.2";"x";"x";""
"libreoffice";"79220";"3.2";"";"x";""
"facebook";"14452";"1.1";"x";"";""
"httpd";"17495";"3.1";"x";"";""
"firefox";"613580";"2.2";"x";"";""
"facebook";"4412";"3.2";"x";"";""
"firefox";"351604";"2.1";"x";"";""
"libreoffice";"60854";"2.3";"x";"";""
"wordpress-android";"3665";"1.1";"x";"";""
"facebook";"4334";"1.1";"";"x";""
"firefox";"369172";"2.1";"x";"";""
"firefox";"236781";"2.1";"";"";"x"
"facebook";"4327";"3.4";"x";"";""
"docker";"3677";"2.1";"";"";"x"
"hibernate";"HHH-104";"12.11";"x";"";""
"firefox";"421854";"4.1";"";"x";""
"facebook";"16524";"1.3";"x";"";""
"eclipse";"225512";"1.1";"x";"";""
"eclipse";"155913";"1.4";"x";"";""
"httpd";"37145";"3.1";"x";"";""
"httpd";"8141";"2.2";"x";"";""
"httpd";"33499";"3.1";"x";"";""
"docker";"15025";"3.1";"";"x";""
"hibernate";"HHH-5725";"2.1";"";"x";""
"libreoffice";"89659";"6.1";"x";"";""
"docker";"2036";"4.1";"";"x";""
"eclipse";"341509";"2.1";"";"x";""
"docker";"17252";"7.1";"x";"";""
"libreoffice";"48301";"1.3";"";"";"x"
"libreoffice";"71330";"2.4";"x";"";""
"openmrs";"TRUNK-4108";"1.5";"x";"";""
"httpd";"20438";"5.4";"";"x";""
"eclipse";"249668";"2.1";"x";"";""
"hibernate";"HHH-5079";"2.1";"x";"";""
"httpd";"12596";"1.1";"x";"";""
"firefox";"236781";"2.2";"x";"";""
"libreoffice";"99036";"1.1";"x";"";""
"firefox";"384936";"5.1";"";"x";""
"libreoffice";"70776";"6.1";"x";"";""
"httpd";"18421";"1.1";"";"x";""
"facebook";"8881";"2.1";"x";"";""
"httpd";"15923";"17.1";"x";"";""
"httpd";"50902";"4.1";"x";"";""
"facebook";"227";"3.1";"";"";"x"
"httpd";"33724";"2.1";"x";"";""
"httpd";"37145";"3.2";"x";"";""
"hibernate";"HHH-5165";"1.2";"x";"";""
"eclipse";"321564";"3.4";"x";"";""
"facebook";"15363";"3.2";"x";"";""
"httpd";"20438";"5.1";"x";"";""
"docker";"12580";"5.1";"x";"x";""
"eclipse";"249668";"2.2";"x";"";""
"hibernate";"HHH-5079";"2.2";"x";"";""
"libreoffice";"60854";"2.1";"x";"";""
"facebook";"305";"12.4";"x";"";""
"libreoffice";"34506";"1.5";"x";"";""
"libreoffice";"35282";"11.1";"";"x";""
"wordpress-android";"3994";"1.1";"x";"";""
"docker";"12186";"3.1";"";"x";""
"docker";"14955";"1.2";"x";"";""
"hibernate";"HHH-9776";"1.1";"x";"";""
"facebook";"16524";"1.1";"x";"";""
"hibernate";"HHH-4100";"2.1";"x";"";""
"firefox";"549600";"3.1";"x";"";""
"hibernate";"HHH-3775";"4.1";"x";"";""
"httpd";"32486";"1.1";"x";"";""
"firefox";"215262";"5.1";"x";"";""
"hibernate";"HHH-8471";"1.1";"x";"";""
"httpd";"27424";"2.2";"x";"";""
"libreoffice";"90744";"4.2";"x";"";"x"
"openmrs";"TRUNK-2419";"1.1";"x";"";""
"httpd";"15751";"1.5";"x";"";""
"httpd";"43275";"3.1";"x";"";""
"hibernate";"HHH-10099";"2.3";"";"";"x"
"facebook";"10347";"2.1";"x";"";""
"libreoffice";"71550";"4.4";"x";"";""
"libreoffice";"79220";"3.1";"x";"";""
"eclipse";"24679";"2.1";"";"x";""
"openmrs";"TRUNK-539";"1.2";"x";"";""
"httpd";"20438";"5.2";"";"x";""
"hibernate";"HHH-7167";"7.1";"x";"";""
"libreoffice";"60854";"2.2";"x";"";""
"libreoffice";"34506";"1.6";"x";"";""
"libreoffice";"90092";"2.13";"x";"";""
"docker";"7511";"1.1";"x";"";""
"facebook";"13084";"1.1";"x";"";""
"hibernate";"HHH-5440";"13.1";"x";"";""
"hibernate";"HHH-9011";"1.1";"x";"";""
"libreoffice";"92984";"1.2";"";"x";""
"hibernate";"HHH-9741";"1.1";"x";"";""
"facebook";"4169";"1.1";"x";"";""
"hibernate";"HHH-9776";"1.2";"";"x";""
"openmrs";"TRUNK-602";"1.1";"x";"";"x"
"httpd";"39211";"1.1";"";"";"x"
"firefox";"345843";"5.1";"x";"";""
"facebook";"12951";"4.1";"x";"";""
"libreoffice";"90744";"4.3";"x";"";""
"openmrs";"TRUNK-2419";"1.2";"x";"";""
"facebook";"2386";"1.2";"x";"";""
"firefox";"421295";"2.1";"x";"";""
"docker";"7807";"3.1";"x";"";""
"eclipse";"52363";"1.1";"x";"";"x"
"docker";"9473";"3.1";"x";"";""
"openmrs";"TRUNK-539";"1.1";"x";"";""
"facebook";"864";"2.4";"x";"";""
"facebook";"2386";"1.1";"x";"";""
"hibernate";"HHH-5056";"3.1";"x";"x";""
"facebook";"16404";"1.1";"x";"";""
"docker";"2778";"1.1";"x";"";""
"firefox";"278242";"1.1";"";"";"x"
"httpd";"21133";"2.2";"x";"";""
"openmrs";"TRUNK-592";"1.1";"x";"";""
"libreoffice";"92984";"1.3";"x";"";""
"openmrs";"TRUNK-2859";"1.1";"x";"x";""
"facebook";"8179";"1.1";"x";"";""
"httpd";"15751";"1.7";"x";"x";""
"httpd";"32147";"2.1";"x";"";""
"eclipse";"249668";"2.4";"";"";"x"
"docker";"15997";"19.1";"x";"";""
"docker";"7807";"3.2";"x";"";""
"httpd";"43250";"2.2";"x";"";""
"wordpress-android";"4327";"3.1";"x";"";""
"firefox";"253953";"9.1";"";"x";""
"wordpress-android";"2614";"1.4";"x";"";""
"facebook";"864";"2.3";"";"x";""
"libreoffice";"34506";"1.4";"x";"";""
"facebook";"16175";"2.1";"x";"";""
"httpd";"38923";"6.1";"";"x";""
"openmrs";"TRUNK-4108";"1.1";"x";"";"x"
"eclipse";"320785";"2.1";"x";"";""
"wordpress-android";"221";"1.1";"x";"";""
"libreoffice";"81510";"3.1";"";"";"x"
"hibernate";"HHH-5001";"5.1";"x";"";""
"libreoffice";"92984";"1.4";"x";"";"x"
"hibernate";"HHH-4158";"1.1";"";"";"x"
"libreoffice";"94561";"2.10";"x";"";""
"httpd";"39499";"1.2";"x";"";""
"httpd";"27424";"2.1";"";"";"x"
"wordpress-android";"3918";"2.1";"";"x";""
"eclipse";"249668";"2.5";"x";"";""
"hibernate";"HHH-384";"2.1";"x";"";""
"hibernate";"HHH-6630";"2.1";"x";"";""
"httpd";"21133";"2.1";"x";"";""
"httpd";"45487";"5.2";"x";"";""
"eclipse";"169312";"1.1";"x";"";""
"docker";"10738";"3.1";"x";"";""
"firefox";"438285";"5.1";"x";"";""
"httpd";"35721";"1.4";"x";"";""
"firefox";"280723";"5.1";"x";"";""
"docker";"12580";"1.1";"x";"";""
"httpd";"42929";"5.3";"";"x";""
"docker";"22836";"2.2";"x";"";""
"facebook";"15387";"1.1";"x";"";""
"libreoffice";"49073";"3.2";"x";"";""
"httpd";"15751";"1.1";"x";"x";""
"eclipse";"87363";"7.1";"x";"";""
"httpd";"45487";"5.1";"x";"";""
"libreoffice";"63783";"4.1";"x";"";""
"libreoffice";"62725";"3.1";"";"x";""
"hibernate";"HHH-958";"2.1";"x";"";""
"firefox";"247216";"3.1";"x";"";""
"facebook";"17716";"3.1";"x";"";""
"wordpress-android";"233";"2.1";"x";"";""
"httpd";"44114";"3.2";"x";"";""
"hibernate";"HHH-9394";"4.1";"x";"";""
"firefox";"269121";"2.1";"x";"";""
"libreoffice";"39744";"2.1";"";"";"x"
"docker";"7912";"1.2";"x";"";""
"eclipse";"288017";"3.1";"x";"";""
"httpd";"23728";"14.3";"x";"";""
"firefox";"266896";"5.1";"";"x";""
"docker";"22836";"2.1";"x";"";""
"firefox";"268892";"2.1";"";"x";""
"hibernate";"HHH-9362";"12.1";"x";"";""
"hibernate";"HHH-958";"2.2";"x";"";""
"libreoffice";"93226";"1.2";"x";"";""
"httpd";"20402";"2.1";"";"x";""
"facebook";"13645";"1.2";"x";"x";""
"eclipse";"330854";"3.2";"x";"";""
"facebook";"8429";"1.1";"x";"";""
"facebook";"14578";"3.1";"x";"";""
"wordpress-android";"233";"2.2";"x";"x";""
"openmrs";"TRUNK-829";"1.1";"x";"";""
"facebook";"4109";"3.1";"x";"";""
"hibernate";"HHH-10163";"1.2";"x";"";""
"hibernate";"HHH-3307";"1.3";"x";"";""
"firefox";"269121";"2.2";"x";"";""
"httpd";"45356";"7.1";"";"x";""
"facebook";"15387";"1.3";"x";"";""
"wordpress-android";"3177";"3.1";"x";"";""
"libreoffice";"60666";"3.1";"x";"";""
"eclipse";"317569";"2.1";"";"";"x"
"openmrs";"TRUNK-3506";"1.1";"x";"";""
"facebook";"10726";"2.1";"x";"";""
"facebook";"959";"1.4";"";"";"x"
"libreoffice";"92984";"8.2";"x";"";""
"firefox";"268892";"2.2";"x";"";""
"httpd";"42929";"5.1";"x";"";""
"firefox";"369380";"7.1";"x";"";""
"httpd";"30419";"5.1";"";"";"x"
"openmrs";"TRUNK-3506";"1.2";"x";"";""
"facebook";"14578";"3.2";"x";"";""
"wordpress-android";"233";"2.3";"x";"";""
"openmrs";"TRUNK-3042";"2.1";"";"x";""
"eclipse";"299011";"1.2";"x";"";""
"httpd";"14418";"2.1";"x";"";""
"httpd";"42929";"5.2";"x";"";""
"libreoffice";"90744";"4.1";"x";"";""
"httpd";"16699";"5.1";"x";"";""
"libreoffice";"46177";"3.1";"";"x";""
"openmrs";"TRUNK-3506";"1.3";"";"x";""
"facebook";"17958";"1.3";"x";"";""
"firefox";"274044";"2.1";"x";"";""
"hibernate";"HHH-7444";"3.1";"";"x";""
"libreoffice";"69607";"5.2";"";"x";""
"wordpress-android";"3731";"2.1";"x";"";""
"eclipse";"302185";"1.2";"x";"";""
"eclipse";"127201";"2.1";"x";"";""
"hibernate";"HHH-4567";"1.1";"x";"";""
"httpd";"18421";"1.2";"";"x";""
"firefox";"549600";"10.1";"x";"";""
"openmrs";"TRUNK-829";"1.3";"";"x";""
"openmrs";"TRUNK-3581";"1.1";"x";"";""
"firefox";"324354";"5.1";"x";"";""
"docker";"23302";"15.1";"x";"";""
"facebook";"227";"3.2";"x";"";""
"facebook";"7905";"3.1";"x";"";""
"docker";"17470";"3.1";"x";"";""
"firefox";"396039";"2.1";"x";"";""
"firefox";"639327";"4.2";"x";"";""
"wordpress-android";"3913";"6.1";"x";"";""
"eclipse";"321564";"3.2";"x";"";""
"eclipse";"108559";"1.1";"x";"";""
"docker";"19214";"6.1";"x";"";""
"libreoffice";"75653";"1.1";"x";"";""
"eclipse";"330854";"3.1";"x";"";""
"httpd";"40657";"1.1";"x";"";""
"httpd";"16699";"5.2";"x";"";""
"httpd";"18492";"11.1";"x";"";""
"firefox";"622283";"5.1";"";"x";""
"eclipse";"302185";"1.1";"x";"";""
"hibernate";"HHH-10163";"1.1";"x";"";""
"firefox";"276552";"2.2";"x";"";""
"openmrs";"TRUNK-2619";"1.1";"x";"";""
"docker";"23302";"15.2";"x";"";""
"openmrs";"TRUNK-771";"1.1";"x";"";""
"docker";"18248";"1.1";"";"";"x"
"facebook";"959";"1.1";"x";"";""
"firefox";"233739";"1.1";"x";"";""
"httpd";"46678";"4.1";"";"";"x"
"hibernate";"HHH-554";"5.2";"x";"x";""
"docker";"16114";"2.1";"x";"";""
"openmrs";"TRUNK-949";"1.1";"x";"";""
"wordpress-android";"3918";"9.3";"x";"";"x"
"facebook";"15316";"12.2";"x";"";""
"docker";"11285";"7.1";"x";"";""
"eclipse";"306824";"1.1";"x";"x";""
"docker";"14496";"1.1";"x";"";""
"firefox";"276552";"2.3";"x";"";""
"openmrs";"TRUNK-321";"1.3";"";"x";""
"wordpress-android";"26";"1.1";"x";"";""
"libreoffice";"91432";"3.1";"x";"";""
"firefox";"284918";"6.1";"";"";"x"
"firefox";"440010";"2.1";"x";"";""
"wordpress-android";"92";"1.6";"x";"";""
"firefox";"354584";"2.2";"x";"";""
"httpd";"20438";"1.2";"x";"";""
"docker";"16114";"2.2";"x";"";""
"docker";"8642";"1.1";"";"x";""
"facebook";"14981";"1.1";"x";"";""
"hibernate";"HHH-4567";"1.2";"x";"";""
"docker";"3206";"2.1";"";"";"x"
"libreoffice";"51201";"5.1";"";"x";""
"facebook";"2070";"1.4";"x";"";""
"libreoffice";"57723";"5.1";"x";"";""
"libreoffice";"55719";"1.1";"x";"";""
"docker";"7727";"3.1";"";"x";""
"facebook";"4327";"3.1";"x";"";""
"docker";"16114";"2.3";"";"";"x"
"firefox";"302021";"4.1";"x";"";""
"firefox";"440010";"2.2";"x";"";""
"httpd";"42929";"5.6";"x";"";""
"eclipse";"79982";"1.1";"x";"";""
"docker";"4614";"9.1";"x";"";""
"firefox";"354584";"2.1";"x";"";""
"hibernate";"HHH-4808";"1.1";"x";"";""
"docker";"17252";"3.1";"x";"";""
"httpd";"7970";"2.3";"x";"";""
"eclipse";"106554";"1.1";"";"";"x"
"httpd";"50283";"3.1";"x";"";""
"libreoffice";"51201";"1.2";"x";"";""
"eclipse";"200060";"2.1";"x";"";""
"httpd";"51103";"1.3";"x";"";""
"facebook";"1994";"1.2";"x";"x";""
"firefox";"247216";"6.1";"";"x";""
"openmrs";"TRUNK-3905";"2.4";"x";"";""
"openmrs";"TRUNK-3423";"3.1";"x";"";""
"docker";"7727";"2.5";"x";"x";""
"openmrs";"TRUNK-2500";"1.2";"x";"";""
"eclipse";"36346";"4.3";"";"x";""
"openmrs";"TRUNK-552";"1.3";"x";"";""
"firefox";"458603";"2.1";"";"x";""
"httpd";"34901";"1.1";"x";"";""
"libreoffice";"92984";"5.1";"x";"x";""
"openmrs";"TRUNK-321";"1.1";"x";"";""
"facebook";"7932";"2.1";"x";"";""
"eclipse";"41836";"3.1";"x";"";""
"hibernate";"HHH-2324";"3.2";"x";"";""
"httpd";"45994";"1.2";"x";"";""
"httpd";"51103";"1.4";"x";"";""
"facebook";"1994";"1.3";"x";"";""
"facebook";"13604";"2.2";"x";"";""
"libreoffice";"60716";"2.1";"";"x";""
"facebook";"7834";"2.2";"x";"";""
"docker";"18297";"11.1";"";"x";""
"hibernate";"HHH-4591";"11.1";"x";"";""
"openmrs";"TRUNK-321";"1.2";"x";"";"x"
"openmrs";"TRUNK-552";"1.2";"x";"";""
"firefox";"612524";"2.1";"x";"";""
"libreoffice";"48717";"6.1";"x";"";""
"httpd";"44962";"1.1";"x";"";""
"docker";"17832";"2.1";"x";"";""
"httpd";"20438";"1.1";"x";"";""
"docker";"12158";"1.2";"x";"";""
"firefox";"422263";"2.1";"x";"";""
"facebook";"13604";"2.1";"x";"";""
"libreoffice";"48419";"2.2";"x";"";""
"hibernate";"HHH-9394";"7.1";"x";"";""
"httpd";"15923";"25.1";"x";"";""
"libreoffice";"86725";"4.2";"";"";"x"
"eclipse";"294983";"3.1";"";"x";""
"docker";"13350";"2.1";"x";"";""
"libreoffice";"58415";"4.2";"x";"";""
"openmrs";"TRUNK-3905";"2.2";"x";"";""
"firefox";"337760";"9.1";"";"x";""
"wordpress-android";"2608";"2.1";"x";"";""
"wordpress-android";"950";"1.1";"x";"";""
"firefox";"265169";"5.1";"x";"";""
"hibernate";"HHH-384";"6.2";"x";"";"x"
"firefox";"268892";"5.1";"";"x";""
"hibernate";"HHH-76";"6.1";"x";"";""
"firefox";"274044";"2.2";"x";"";""
"httpd";"11638";"2.1";"x";"";""
"hibernate";"HHH-9394";"7.2";"x";"";""
"firefox";"214664";"5.1";"x";"";""
"openmrs";"TRUNK-2860";"1.1";"";"x";""
"firefox";"437110";"2.1";"x";"";""
"libreoffice";"86725";"4.3";"x";"";""
"openmrs";"TRUNK-1976";"1.1";"x";"";""
"openmrs";"TRUNK-2339";"1.3";"x";"";""
"openmrs";"TRUNK-2500";"1.1";"x";"";""
"firefox";"185220";"5.1";"x";"";""
"openmrs";"TRUNK-3905";"2.3";"x";"";""
"firefox";"446167";"2.1";"x";"";""
"libreoffice";"58415";"4.1";"";"";"x"
"facebook";"10726";"5.1";"x";"";""
"wordpress-android";"1658";"3.1";"";"";"x"
"libreoffice";"63818";"1.2";"x";"";""
"libreoffice";"81062";"5.2";"x";"";"x"
"hibernate";"HHH-384";"6.1";"x";"";""
"facebook";"353";"2.1";"";"";"x"
"eclipse";"152809";"4.1";"x";"";""
"eclipse";"66132";"1.1";"x";"";""
"wordpress-android";"3758";"2.1";"";"x";""
"wordpress-android";"3515";"1.1";"x";"";""
"eclipse";"113724";"4.1";"";"x";""
"firefox";"281774";"5.1";"x";"";""
"wordpress-android";"3714";"2.5";"x";"";""
"httpd";"18492";"8.3";"x";"";""
"httpd";"10687";"6.1";"x";"";""
"hibernate";"HHH-4888";"1.2";"x";"";""
"openmrs";"TRUNK-1967";"1.3";"x";"";""
"eclipse";"98780";"1.1";"x";"";""
"openmrs";"TRUNK-1661";"4.1";"x";"";""
"openmrs";"TRUNK-2348";"1.1";"x";"";""
"firefox";"252353";"2.5";"x";"";""
"httpd";"8890";"1.1";"x";"";""
"hibernate";"HHH-6137";"1.1";"x";"";""
"facebook";"7780";"2.1";"x";"";"x"
"hibernate";"HHH-9436";"6.1";"";"";"x"
"eclipse";"270798";"11.1";"x";"";""
"docker";"10258";"6.1";"x";"";""
"libreoffice";"86725";"4.1";"";"";"x"
"wordpress-android";"3913";"3.2";"x";"x";""
"docker";"20876";"8.1";"";"";"x"
"eclipse";"24924";"2.1";"x";"x";"x"
"hibernate";"HHH-1930";"5.1";"x";"";""
"hibernate";"HHH-7241";"1.1";"x";"";""
"firefox";"252353";"2.7";"x";"";""
"eclipse";"330015";"1.1";"x";"";""
"libreoffice";"55719";"4.2";"x";"";""
"openmrs";"TRUNK-1967";"1.4";"";"";"x"
"openmrs";"TRUNK-2797";"1.1";"x";"";""
"wordpress-android";"2983";"4.1";"x";"";""
"facebook";"5892";"1.1";"";"";"x"
"firefox";"215939";"9.1";"";"x";""
"firefox";"252353";"2.6";"x";"";""
"firefox";"239727";"2.1";"x";"";""
"facebook";"10481";"1.1";"x";"";""
"wordpress-android";"2599";"1.1";"x";"";""
"httpd";"50711";"3.2";"x";"x";""
"hibernate";"HHH-6137";"1.2";"";"x";""
"eclipse";"182214";"1.2";"x";"";""
"httpd";"43838";"5.1";"";"x";""
"wordpress-android";"197";"1.3";"x";"";""
"hibernate";"HHH-8041";"4.1";"x";"";""
"facebook";"7968";"1.1";"x";"";""
"wordpress-android";"3945";"2.1";"";"x";""
"eclipse";"270798";"3.2";"x";"";""
"openmrs";"TRUNK-1967";"1.1";"x";"";""
"firefox";"336495";"2.1";"x";"";"x"
"facebook";"2197";"3.1";"x";"";""
"openmrs";"TRUNK-1661";"4.3";"";"";"x"
"eclipse";"102620";"1.2";"x";"";""
"docker";"14175";"2.1";"x";"";""
"openmrs";"TRUNK-3914";"2.1";"";"x";""
"eclipse";"138514";"2.1";"x";"";""
"eclipse";"7485";"2.2";"x";"";""
"facebook";"12585";"4.1";"x";"";""
"firefox";"645010";"2.2";"x";"";""
"docker";"2619";"1.1";"x";"";""
"libreoffice";"73059";"2.4";"x";"";""
"openmrs";"TRUNK-2381";"3.1";"x";"";""
"wordpress-android";"3945";"2.2";"x";"";""
"facebook";"122";"2.2";"x";"";""
"eclipse";"187284";"1.2";"";"";"x"
"httpd";"16699";"2.1";"x";"";""
"eclipse";"267563";"5.1";"x";"";""
"eclipse";"306824";"4.1";"x";"";""
"facebook";"3024";"1.1";"";"";"x"
"facebook";"14526";"3.1";"x";"";""
"openmrs";"TRUNK-1967";"1.2";"x";"";""
"firefox";"226732";"7.1";"";"x";""
"httpd";"18421";"5.1";"x";"";""
"openmrs";"TRUNK-1661";"4.2";"x";"";"x"
"openmrs";"TRUNK-834";"1.1";"x";"";""
"eclipse";"221937";"1.1";"";"x";""
"eclipse";"102620";"1.1";"x";"";"x"
"firefox";"252353";"2.4";"x";"";""
"facebook";"13356";"4.1";"x";"";""
"httpd";"42767";"7.1";"x";"";""
"facebook";"9283";"2.1";"x";"";""
"docker";"20876";"12.1";"";"";"x"
"firefox";"645010";"2.1";"x";"";""
"httpd";"38213";"4.1";"";"";"x"
"openmrs";"TRUNK-736";"1.1";"x";"";"x"
"httpd";"10712";"1.1";"x";"";""
"openmrs";"TRUNK-701";"1.1";"x";"";""
"facebook";"7747";"4.1";"x";"";""
"firefox";"422326";"2.1";"x";"";""
"hibernate";"HHH-8041";"4.3";"x";"";""
"wordpress-android";"4119";"2.1";"x";"";""
"firefox";"215939";"5.2";"x";"";""
"libreoffice";"93470";"1.2";"x";"";""
"facebook";"3224";"1.1";"x";"";""
"libreoffice";"34506";"1.1";"";"";"x"
"docker";"23302";"11.1";"x";"";""
"libreoffice";"78029";"1.2";"x";"";""
"openmrs";"TRUNK-3906";"1.1";"";"";"x"
"openmrs";"TRUNK-834";"1.2";"";"x";""
"firefox";"560109";"1.2";"x";"";""
"wordpress-android";"1416";"1.1";"x";"";""
"httpd";"35652";"3.3";"x";"";""
"docker";"4642";"1.1";"x";"";""
"wordpress-android";"3247";"1.2";"x";"";""
"httpd";"8090";"4.1";"x";"x";""
"hibernate";"HHH-8041";"4.2";"x";"";""
"hibernate";"HHH-5328";"2.1";"x";"";""
"firefox";"215939";"5.1";"x";"x";""
"firefox";"263848";"2.1";"x";"";""
"httpd";"33382";"1.2";"x";"";""
"docker";"2393";"3.1";"x";"";""
"wordpress-android";"4241";"4.8";"x";"";""
"libreoffice";"88249";"1.1";"x";"";""
"firefox";"247330";"4.1";"x";"";""
"httpd";"10687";"2.2";"x";"";""
"firefox";"284918";"3.1";"x";"";""
"libreoffice";"90330";"1.1";"";"";"x"
"openmrs";"TRUNK-834";"1.3";"x";"";""
"facebook";"9088";"1.1";"x";"";""
"facebook";"8414";"3.1";"x";"";""
"openmrs";"TRUNK-3906";"1.2";"x";"";""
"firefox";"468805";"2.2";"x";"";""
"openmrs";"TRUNK-556";"1.2";"x";"";""
"firefox";"505642";"5.1";"x";"";""
"firefox";"277487";"2.1";"x";"x";""
"docker";"2067";"4.1";"x";"";""
"facebook";"2835";"2.1";"";"x";""
"httpd";"21160";"9.2";"x";"";""
"hibernate";"HHH-10601";"4.1";"x";"";""
"eclipse";"189497";"2.1";"";"x";""
"firefox";"458603";"9.3";"x";"";""
"libreoffice";"71330";"6.1";"";"x";""
"firefox";"368320";"3.1";"";"x";""
"eclipse";"52363";"5.1";"x";"";""
"eclipse";"330015";"1.2";"x";"";""
"wordpress-android";"2052";"1.3";"x";"";""
"facebook";"7198";"1.1";"x";"";""
"eclipse";"155526";"1.1";"x";"";""
"eclipse";"63650";"1.1";"x";"";""
"libreoffice";"99783";"2.2";"x";"";""
"openmrs";"TRUNK-834";"1.4";"x";"";""
"docker";"20876";"4.1";"x";"";""
"eclipse";"235058";"2.1";"x";"";""
"httpd";"12229";"3.2";"x";"";""
"firefox";"458603";"13.1";"x";"";""
"wordpress-android";"930";"1.15";"x";"";""
"httpd";"35652";"3.1";"x";"";""
"wordpress-android";"2773";"1.1";"x";"";"x"
"openmrs";"TRUNK-556";"1.1";"";"x";""
"httpd";"21160";"9.1";"x";"";""
"httpd";"38036";"3.1";"";"x";""
"hibernate";"HHH-10601";"4.2";"x";"";""
"hibernate";"HHH-8805";"2.1";"x";"";""
"docker";"12580";"5.2";"x";"x";""
"firefox";"368320";"3.2";"";"x";""
"wordpress-android";"78";"1.2";"x";"";""
"firefox";"248141";"5.1";"";"x";""
"libreoffice";"99783";"2.1";"";"x";""
"libreoffice";"53717";"5.2";"";"x";""
"firefox";"266370";"2.1";"x";"";""
"docker";"2778";"1.4";"x";"";""
"eclipse";"113061";"4.1";"x";"";""
"docker";"20876";"4.2";"";"";"x"
"hibernate";"HHH-7655";"1.1";"x";"";""
"openmrs";"TRUNK-834";"1.5";"x";"";""
"wordpress-android";"3563";"1.1";"x";"";""
"firefox";"269657";"4.1";"x";"";""
"eclipse";"147649";"3.1";"x";"";""
"libreoffice";"48301";"1.2";"";"";"x"
"firefox";"504261";"2.2";"x";"";""
"libreoffice";"44026";"2.3";"x";"";"x"
"hibernate";"HHH-10601";"4.3";"";"";"x"
"openmrs";"TRUNK-1169";"2.1";"x";"";""
"eclipse";"235058";"2.3";"x";"";""
"libreoffice";"35282";"1.1";"x";"";""
"hibernate";"HHH-4506";"1.1";"x";"";""
"firefox";"282789";"5.1";"";"x";""
"libreoffice";"72566";"3.1";"x";"";""
"firefox";"266370";"2.2";"x";"";""
"eclipse";"165342";"4.1";"";"x";""
"httpd";"40431";"1.2";"x";"";""
"libreoffice";"45449";"1.1";"";"";"x"
"firefox";"215262";"2.2";"x";"";""
"facebook";"13323";"2.1";"x";"";""
"hibernate";"HHH-10444";"1.5";"";"x";""
"openmrs";"TRUNK-4407";"1.1";"x";"";""
"httpd";"8713";"1.1";"x";"";""
"libreoffice";"48301";"1.1";"x";"";""
"wordpress-android";"65";"1.5";"x";"";""
"httpd";"10489";"4.1";"x";"";""
"facebook";"5327";"1.2";"x";"";""
"facebook";"5896";"1.1";"x";"";""
"openmrs";"TRUNK-2811";"1.4";"x";"";""
"httpd";"45487";"1.1";"x";"";""
"eclipse";"121640";"1.2";"x";"";""
"hibernate";"HHH-5858";"5.1";"";"x";""
"facebook";"2835";"2.2";"x";"";""
"libreoffice";"99973";"3.7";"x";"";""
"firefox";"253953";"2.1";"x";"";""
"openmrs";"TRUNK-3905";"2.1";"x";"";""
"libreoffice";"45164";"1.2";"x";"";""
"hibernate";"HHH-10444";"1.4";"x";"";""
"firefox";"268527";"2.1";"x";"";""
"docker";"19652";"1.2";"x";"";""
"httpd";"15597";"2.2";"x";"";""
"httpd";"32147";"12.5";"";"x";""
"eclipse";"247276";"1.2";"x";"";""
"facebook";"7932";"2.3";"";"x";""
"eclipse";"317569";"6.1";"x";"";""
"wordpress-android";"65";"1.4";"x";"";""
"hibernate";"HHH-5328";"2.2";"x";"";""
"libreoffice";"66547";"4.1";"";"x";""
"facebook";"13084";"4.1";"x";"";""
"openmrs";"TRUNK-2811";"1.5";"x";"";""
"docker";"3451";"1.1";"x";"";""
"facebook";"5053";"3.3";"x";"";""
"docker";"20586";"1.3";"x";"";""
"libreoffice";"81951";"2.1";"x";"";""
"docker";"19652";"1.1";"";"x";""
"hibernate";"HHH-10444";"1.3";"x";"";""
"hibernate";"HHH-10099";"6.1";"x";"";""
"hibernate";"HHH-76";"2.1";"x";"";""
"facebook";"5545";"1.2";"x";"";""
"eclipse";"247276";"1.1";"";"";"x"
"firefox";"642737";"2.1";"x";"";""
"firefox";"504261";"2.1";"";"x";""
"libreoffice";"69607";"1.1";"x";"";""
"firefox";"579338";"9.1";"x";"";""
"openmrs";"TRUNK-492";"2.1";"x";"";""
"eclipse";"241172";"2.1";"x";"";""
"libreoffice";"70277";"2.1";"x";"";""
"docker";"11613";"1.2";"x";"";""
"facebook";"6597";"1.3";"x";"";""
"firefox";"483422";"3.1";"x";"";""
"docker";"11087";"1.1";"x";"";""
"libreoffice";"56469";"2.2";"x";"";""
"docker";"20586";"1.2";"x";"";""
"docker";"23302";"7.1";"x";"";""
"firefox";"215262";"2.1";"x";"";""
"hibernate";"HHH-6256";"2.1";"x";"";""
"openmrs";"TRUNK-4407";"1.2";"x";"";""
"facebook";"18169";"1.1";"x";"";""
"firefox";"396039";"6.2";"";"";"x"
"libreoffice";"81062";"1.2";"";"x";""
"facebook";"5545";"1.1";"x";"";""
"hibernate";"HHH-9394";"1.1";"";"";"x"
"eclipse";"39493";"2.2";"x";"";""
"libreoffice";"79220";"4.1";"";"x";""
"openmrs";"TRUNK-3756";"1.1";"x";"";""
"docker";"1583";"1.1";"x";"";""
"docker";"23207";"8.2";"x";"";""
"wordpress-android";"466";"1.1";"x";"";""
"eclipse";"270798";"8.1";"";"";"x"
"wordpress-android";"204";"1.6";"x";"";""
"eclipse";"16207";"4.1";"";"x";""
"hibernate";"HHH-3216";"2.1";"";"";"x"
"wordpress-android";"2616";"2.8";"x";"";""
"facebook";"3294";"1.4";"x";"";""
"httpd";"11192";"1.2";"x";"";""
"firefox";"439967";"2.3";"x";"";""
"libreoffice";"64797";"1.1";"x";"";""
"firefox";"337760";"3.1";"x";"";""
"wordpress-android";"3555";"1.1";"x";"";""
"libreoffice";"48301";"2.3";"x";"";""
"firefox";"409194";"5.1";"";"x";""
"facebook";"5366";"3.1";"x";"";""
"httpd";"28582";"1.1";"x";"";""
"eclipse";"69678";"1.4";"x";"";""
"wordpress-android";"447";"2.5";"x";"";""
"firefox";"266508";"2.2";"x";"";""
"libreoffice";"35282";"1.4";"x";"";""
"httpd";"46582";"3.2";"x";"";""
"wordpress-android";"204";"1.7";"x";"";"x"
"httpd";"28529";"1.1";"x";"";""
"eclipse";"256474";"1.2";"";"x";""
"libreoffice";"52602";"6.1";"x";"";""
"firefox";"439967";"2.4";"x";"";""
"docker";"20586";"6.1";"x";"";""
"docker";"22358";"2.1";"";"";"x"
"wordpress-android";"34";"1.1";"";"x";"x"
"libreoffice";"48301";"2.2";"x";"";""
"eclipse";"69678";"1.3";"";"x";""
"httpd";"19442";"1.1";"x";"";""
"openmrs";"TRUNK-3987";"1.1";"x";"";""
"httpd";"46582";"3.1";"x";"";""
"wordpress-android";"235";"1.1";"";"";"x"
"firefox";"367386";"2.1";"x";"";""
"httpd";"38923";"7.3";"x";"";""
"httpd";"44433";"1.2";"x";"";""
"httpd";"8034";"5.15";"x";"";""
"hibernate";"HHH-104";"12.2";"x";"";""
"facebook";"4327";"4.1";"";"";"x"
"openmrs";"TRUNK-1170";"1.1";"x";"";"x"
"wordpress-android";"3994";"2.4";"x";"";""
"hibernate";"HHH-5001";"2.5";"x";"x";""
"docker";"4797";"3.1";"x";"x";""
"firefox";"263848";"3.9";"x";"";""
"libreoffice";"97642";"1.1";"";"x";""
"firefox";"247525";"4.1";"";"x";""
"firefox";"367386";"2.2";"";"x";""
"httpd";"28582";"1.2";"x";"";""
"docker";"4642";"3.1";"x";"";"x"
"libreoffice";"48301";"2.1";"x";"";""
"hibernate";"HHH-6630";"1.1";"x";"";"x"
"firefox";"281774";"2.1";"x";"";""
"httpd";"19442";"1.2";"x";"x";""
"eclipse";"24679";"1.6";"";"x";""
"wordpress-android";"466";"1.2";"";"x";""
"wordpress-android";"235";"1.2";"x";"";""
"httpd";"38923";"7.2";"";"x";""
"httpd";"44433";"1.1";"";"x";""
"httpd";"21160";"6.2";"x";"";""
"hibernate";"HHH-6942";"11.1";"x";"";""
"hibernate";"HHH-104";"12.3";"x";"";""
"wordpress-android";"3994";"2.5";"x";"";""
"firefox";"579338";"2.1";"x";"";""
"httpd";"45356";"4.1";"";"x";""
"hibernate";"HHH-2494";"10.1";"x";"";""
"eclipse";"166937";"1.1";"x";"";""
"openmrs";"TRUNK-834";"5.1";"x";"";""
"firefox";"336495";"6.2";"x";"";""
"firefox";"367738";"2.2";"x";"";""
"eclipse";"72121";"1.3";"x";"";""
"firefox";"334991";"6.1";"x";"";""
"docker";"10258";"1.1";"x";"";""
"libreoffice";"67317";"2.1";"x";"x";""
"firefox";"298807";"3.1";"x";"";""
"hibernate";"HHH-1319";"1.1";"x";"";""
"facebook";"3427";"2.1";"x";"";""
"wordpress-android";"2616";"2.4";"x";"";""
"hibernate";"HHH-9426";"1.2";"";"";"x"
"eclipse";"3553";"2.3";"x";"";""
"eclipse";"11184";"1.1";"x";"";""
"eclipse";"113061";"1.1";"x";"";""
"eclipse";"201897";"1.1";"x";"";"x"
"firefox";"629409";"5.1";"x";"";""
"eclipse";"204132";"2.1";"";"x";""
"wordpress-android";"78";"1.1";"x";"";""
"docker";"16340";"7.1";"";"x";""
"libreoffice";"91236";"2.1";"x";"";""
"httpd";"21133";"3.1";"";"x";""
"libreoffice";"46731";"1.2";"x";"";""
"docker";"20876";"2.1";"x";"";""
"openmrs";"TRUNK-2638";"1.2";"";"x";""
"hibernate";"HHH-10062";"1.1";"x";"";""
"hibernate";"HHH-8837";"1.1";"x";"";""
"docker";"660";"1.1";"x";"";""
"firefox";"403387";"6.1";"x";"";""
"hibernate";"HHH-1141";"1.1";"x";"";""
"httpd";"24219";"6.1";"x";"";""
"facebook";"6034";"2.1";"x";"";""
"facebook";"3294";"1.1";"x";"";""
"wordpress-android";"2283";"1.1";"x";"";""
"facebook";"8717";"3.1";"x";"";""
"firefox";"309377";"2.2";"x";"";""
"docker";"12546";"1.4";"x";"";""
"libreoffice";"49073";"4.2";"";"x";""
"facebook";"16250";"2.2";"x";"";""
"facebook";"1298";"1.1";"x";"";""
"wordpress-android";"2616";"2.6";"x";"";""
"hibernate";"HHH-9135";"2.3";"x";"";""
"eclipse";"3553";"2.5";"x";"";""
"hibernate";"HHH-5079";"3.1";"";"";"x"
"docker";"10270";"2.4";"";"";"x"
"firefox";"642737";"5.1";"";"x";""
"eclipse";"24679";"1.1";"x";"";""
"facebook";"6351";"1.3";"";"x";""
"docker";"10166";"1.34";"";"";"x"
"facebook";"3294";"1.2";"x";"";""
"firefox";"345843";"6.1";"";"x";""
"httpd";"14418";"3.1";"x";"";""
"httpd";"38009";"1.3";"x";"";""
"wordpress-android";"34";"1.2";"x";"";""
"eclipse";"73299";"4.1";"";"x";""
"eclipse";"298837";"1.3";"x";"";""
"httpd";"12155";"1.1";"x";"";""
"hibernate";"HHH-8837";"1.3";"";"x";""
"hibernate";"HHH-9135";"2.2";"x";"";""
"wordpress-android";"4119";"3.1";"";"";"x"
"openmrs";"TRUNK-2714";"1.1";"x";"";"x"
"docker";"10738";"2.1";"x";"";""
"libreoffice";"78029";"1.3";"x";"";""
"hibernate";"HHH-10561";"1.1";"x";"";""
"openmrs";"TRUNK-265";"2.1";"";"x";""
"docker";"12546";"1.1";"x";"";""
"docker";"3677";"3.1";"x";"";""
"firefox";"439967";"2.2";"x";"";""
"httpd";"25701";"2.1";"x";"";"x"
"eclipse";"325264";"3.3";"x";"";""
"hibernate";"HHH-4591";"8.1";"x";"x";""
"facebook";"12951";"3.2";"x";"";""
"libreoffice";"32335";"3.1";"x";"";""
"hibernate";"HHH-10283";"2.2";"x";"";"x"
"facebook";"305";"6.4";"x";"";""
"libreoffice";"39370";"1.3";"x";"";""
"libreoffice";"70776";"3.1";"x";"";""
"hibernate";"HHH-5378";"2.1";"x";"";""
"libreoffice";"81510";"4.1";"x";"";""
"libreoffice";"35282";"5.1";"x";"";""
"libreoffice";"44184";"1.1";"x";"";""
"wordpress-android";"3429";"2.3";"x";"";""
"hibernate";"HHH-10561";"1.2";"";"";"x"
"facebook";"5200";"1.1";"x";"";""
"docker";"10270";"2.2";"x";"";""
"libreoffice";"99502";"2.1";"x";"x";""
"eclipse";"159941";"2.1";"x";"";""
"httpd";"38009";"1.5";"";"x";""
"eclipse";"135728";"1.2";"x";"";""
"libreoffice";"90744";"3.1";"";"";"x"
"openmrs";"TRUNK-484";"1.1";"x";"x";""
"docker";"17470";"4.1";"";"";"x"
"httpd";"16699";"4.1";"x";"";""
"libreoffice";"69607";"4.2";"x";"";""
"wordpress-android";"3429";"2.4";"x";"";"x"
"hibernate";"HHH-4567";"2.1";"x";"";""
"eclipse";"252759";"2.1";"x";"";""
"facebook";"5200";"1.2";"";"x";"x"
"eclipse";"313147";"1.2";"x";"";""
"docker";"10270";"2.3";"x";"";""
"httpd";"44962";"9.1";"";"";"x"
"libreoffice";"99502";"2.2";"x";"";""
"hibernate";"HHH-7824";"1.1";"x";"";""
"eclipse";"159941";"2.2";"x";"";""
"wordpress-android";"3163";"1.1";"x";"";""
"docker";"2036";"1.1";"x";"";""
"httpd";"16125";"1.1";"x";"";""
"firefox";"458603";"4.2";"";"x";""
"eclipse";"174813";"2.6";"x";"";""
"hibernate";"HHH-5346";"3.1";"x";"";""
"libreoffice";"68403";"5.3";"x";"";""
"facebook";"17726";"1.1";"x";"";""
"facebook";"5200";"1.3";"x";"";""
"facebook";"10257";"4.2";"x";"";""
"httpd";"16057";"2.1";"x";"";""
"wordpress-android";"3429";"2.1";"";"";"x"
"eclipse";"212087";"2.1";"x";"";""
"httpd";"9618";"1.1";"x";"";""
"docker";"561";"2.1";"x";"";""
"firefox";"266896";"4.1";"x";"";""
"openmrs";"TRUNK-4258";"1.1";"x";"";"x"
"eclipse";"228223";"2.1";"x";"";""
"httpd";"50711";"3.1";"x";"";""
"wordpress-android";"4046";"1.2";"x";"";""
"openmrs";"TRUNK-3670";"2.1";"x";"";""
"httpd";"16125";"1.2";"x";"";""
"firefox";"458603";"4.1";"x";"";""
"httpd";"46678";"3.1";"x";"";""
"libreoffice";"86725";"2.1";"x";"";""
"hibernate";"HHH-10427";"1.2";"x";"";""
"libreoffice";"39370";"1.2";"x";"";""
"wordpress-android";"3758";"2.2";"";"x";""
"facebook";"17726";"1.2";"x";"";""
"libreoffice";"57249";"2.2";"x";"";""
"libreoffice";"84131";"1.1";"x";"";""
"wordpress-android";"3429";"2.2";"x";"";""
"httpd";"9618";"1.2";"x";"";""
"libreoffice";"47544";"1.7";"x";"";""
"libreoffice";"91432";"2.1";"x";"";""
"hibernate";"HHH-6630";"8.3";"x";"";""
"wordpress-android";"4046";"1.1";"";"";"x"
"libreoffice";"48717";"4.1";"";"x";""
"docker";"2036";"1.3";"x";"";""
"hibernate";"HHH-9362";"11.2";"x";"";""
"hibernate";"HHH-10427";"1.1";"x";"";""
"openmrs";"TRUNK-69";"1.2";"x";"";""
"eclipse";"41836";"4.1";"x";"";""
"firefox";"247216";"2.1";"x";"";""
"libreoffice";"35282";"5.5";"x";"";""
"libreoffice";"38639";"1.1";"x";"";""
"firefox";"352242";"2.2";"x";"";""
"firefox";"281774";"2.2";"";"x";""
"firefox";"376996";"4.1";"";"x";""
"eclipse";"161472";"1.2";"x";"";""
"libreoffice";"55719";"2.1";"x";"";""
"facebook";"5896";"6.1";"";"";"x"
"docker";"834";"1.1";"x";"";""
"libreoffice";"67317";"2.2";"x";"";""
"libreoffice";"73093";"4.1";"";"x";""
"libreoffice";"35282";"5.4";"x";"";""
"httpd";"38923";"7.4";"x";"x";""
"openmrs";"TRUNK-3506";"2.1";"x";"";""
"openmrs";"TRUNK-69";"1.3";"x";"";""
"firefox";"438285";"6.1";"";"x";""
"firefox";"333204";"2.1";"x";"";""
"firefox";"256169";"2.1";"x";"";""
"firefox";"236781";"3.1";"";"x";""
"eclipse";"306824";"2.1";"x";"";""
"firefox";"345843";"2.2";"x";"";""
"libreoffice";"52610";"2.10";"x";"";""
"libreoffice";"46479";"6.2";"";"x";""
"wordpress-android";"233";"3.1";"x";"";"x"
"firefox";"367386";"2.3";"";"x";""
"httpd";"17856";"2.1";"x";"";""
"eclipse";"87363";"8.1";"";"";"x"
"hibernate";"HHH-2324";"3.1";"x";"";""
"httpd";"34901";"2.1";"";"x";""
"hibernate";"HHH-958";"1.1";"x";"";""
"eclipse";"289198";"1.1";"x";"";"x"
"firefox";"266508";"2.1";"x";"";""
"facebook";"2104";"2.1";"x";"";""
"libreoffice";"42073";"1.2";"x";"";""
"hibernate";"HHH-5001";"2.1";"x";"";""
"eclipse";"313147";"1.1";"";"x";""
"httpd";"42340";"2.1";"x";"";""
"wordpress-android";"627";"1.1";"x";"";""
"libreoffice";"53717";"1.1";"";"";"x"
"openmrs";"TRUNK-949";"2.1";"x";"x";""
"facebook";"7905";"2.2";"x";"";""
"firefox";"367738";"2.5";"x";"";""
"libreoffice";"38639";"1.2";"x";"";""
"libreoffice";"42073";"1.3";"x";"";""
"hibernate";"HHH-9362";"11.1";"x";"";""
"openmrs";"TRUNK-69";"1.1";"x";"";""
"wordpress-android";"725";"1.1";"x";"";""
"facebook";"2104";"2.2";"x";"";""
"facebook";"7892";"1.1";"x";"";""
"eclipse";"113516";"1.1";"x";"";""
"docker";"5491";"1.1";"x";"";""
"eclipse";"171670";"2.1";"x";"";"x"
"facebook";"9460";"7.1";"";"x";""
"libreoffice";"81058";"1.1";"x";"";""
"firefox";"292292";"9.1";"x";"";""
"openmrs";"TRUNK-902";"1.1";"x";"";"x"
"eclipse";"303039";"2.1";"x";"";""
"eclipse";"125135";"2.1";"x";"";""
"eclipse";"208860";"5.1";"";"x";""
"httpd";"8090";"1.1";"";"";"x"
"openmrs";"TRUNK-683";"1.1";"x";"";""
"docker";"4046";"3.1";"x";"";""
"libreoffice";"46479";"2.1";"x";"";""
"firefox";"639238";"7.1";"x";"";""
"httpd";"34421";"10.1";"x";"";""
"hibernate";"HHH-6572";"1.2";"";"";"x"
"wordpress-android";"3386";"1.1";"x";"";""
"firefox";"549600";"7.1";"";"x";""
"wordpress-android";"2826";"1.1";"x";"";""
"firefox";"215939";"8.1";"x";"";""
"wordpress-android";"2608";"1.2";"";"x";""
"facebook";"10526";"2.2";"x";"";"x"
"facebook";"5545";"2.1";"x";"";""
"libreoffice";"34771";"1.3";"";"x";""
"eclipse";"295138";"1.2";"";"x";""
"wordpress-android";"1108";"1.2";"x";"";""
"firefox";"438285";"2.1";"x";"";""
"libreoffice";"42073";"1.5";"x";"";""
"firefox";"440010";"6.1";"x";"";""
"openmrs";"TRUNK-4320";"2.1";"x";"";""
"docker";"19214";"2.1";"x";"";""
"httpd";"12155";"4.2";"x";"";""
"docker";"8374";"11.1";"x";"";""
"docker";"17533";"8.3";"x";"";""
"facebook";"9708";"1.2";"";"x";""
"docker";"18053";"10.1";"";"x";""
"docker";"6914";"2.1";"x";"";""
"openmrs";"TRUNK-949";"2.2";"x";"";""
"wordpress-android";"2608";"1.1";"x";"";""
"facebook";"9217";"3.1";"";"x";""
"openmrs";"TRUNK-4051";"7.1";"";"x";""
"hibernate";"HHH-384";"5.2";"x";"";""
"libreoffice";"34771";"1.2";"x";"";""
"firefox";"415347";"2.4";"x";"";""
"eclipse";"295138";"1.1";"x";"";"x"
"libreoffice";"42073";"1.6";"x";"";""
"firefox";"276713";"1.1";"x";"";""
"hibernate";"HHH-9565";"3.1";"x";"";""
"docker";"19758";"2.26";"x";"";""
"docker";"17533";"8.2";"x";"";""
"libreoffice";"46731";"4.3";"";"x";""
"facebook";"9708";"1.3";"";"x";""
"libreoffice";"60716";"1.1";"x";"";""
"hibernate";"HHH-4591";"10.1";"x";"";""
"httpd";"18421";"6.1";"x";"";""
"openmrs";"TRUNK-2339";"2.1";"";"x";""
"docker";"18091";"1.20";"";"";"x"
"wordpress-android";"261";"1.1";"x";"";""
"firefox";"248141";"2.1";"x";"";""
"eclipse";"221937";"2.1";"x";"";""
"docker";"17832";"3.1";"x";"";""
"libreoffice";"34771";"1.1";"x";"";""
"facebook";"7932";"1.2";"x";"";""
"wordpress-android";"2117";"2.1";"x";"";""
"eclipse";"36346";"3.2";"x";"";""
"firefox";"247216";"5.1";"x";"";""
"facebook";"15809";"3.1";"x";"";""
"docker";"17533";"8.1";"x";"";""
"hibernate";"HHH-5001";"9.1";"";"";"x"
"hibernate";"HHH-5081";"1.1";"x";"";""
"firefox";"591579";"2.1";"";"x";""
"wordpress-android";"3386";"1.2";"x";"";""
"firefox";"458603";"10.1";"";"x";""
"docker";"6902";"1.1";"x";"";""
"eclipse";"221937";"2.2";"";"x";""
"httpd";"46018";"2.2";"x";"";""
"firefox";"302021";"8.1";"x";"";""
"eclipse";"124036";"1.1";"";"x";""
"libreoffice";"73093";"4.2";"x";"";""
"facebook";"10526";"2.3";"x";"";""
"firefox";"345242";"2.1";"x";"";""
"facebook";"12585";"3.1";"";"x";""
"libreoffice";"35282";"9.1";"x";"";""
"facebook";"13323";"5.1";"";"x";""
"httpd";"48278";"6.1";"x";"";""
"eclipse";"270798";"4.1";"x";"";""
"eclipse";"78058";"1.1";"x";"";""
"eclipse";"36346";"3.1";"x";"x";""
"facebook";"10602";"2.1";"x";"";""
"firefox";"381453";"2.1";"x";"";""
"docker";"12158";"2.1";"";"x";""
"hibernate";"HHH-5081";"1.2";"x";"";""
"httpd";"34421";"1.2";"x";"";""
"httpd";"13356";"1.4";"x";"";""
"facebook";"5640";"1.2";"x";"";"x"
"firefox";"576450";"2.2";"x";"";""
"firefox";"645010";"3.1";"x";"";""
"wordpress-android";"3177";"1.1";"x";"";""
"httpd";"15597";"3.6";"x";"";""
"eclipse";"106554";"2.1";"x";"x";""
"hibernate";"HHH-3321";"3.3";"x";"";""
"openmrs";"TRUNK-3229";"2.2";"x";"";""
"httpd";"32426";"1.1";"x";"x";""
"eclipse";"115579";"2.2";"x";"";""
"wordpress-android";"261";"1.2";"x";"";""
"firefox";"229950";"4.1";"x";"";""
"docker";"14175";"1.1";"x";"";""
"docker";"17252";"1.1";"x";"";""
"wordpress-android";"1658";"2.2";"x";"";""
"eclipse";"238130";"1.1";"x";"";""
"facebook";"7932";"1.1";"x";"";""
"firefox";"354584";"4.1";"";"x";""
"openmrs";"TRUNK-2381";"4.1";"x";"";""
"eclipse";"152809";"3.2";"x";"";""
"eclipse";"113516";"4.1";"";"x";""
"wordpress-android";"1108";"1.1";"";"";"x"
"firefox";"214664";"6.1";"";"x";""
"hibernate";"HHH-7167";"2.1";"x";"";""
"docker";"5491";"4.2";"x";"";""
"libreoffice";"99973";"2.1";"x";"";""
"docker";"5873";"1.2";"";"x";""
"httpd";"46678";"7.1";"";"x";""
"hibernate";"HHH-554";"1.3";"";"";"x"
"libreoffice";"99502";"2.3";"x";"";""
"docker";"16763";"7.1";"x";"";""
"httpd";"35418";"1.2";"x";"";""
"hibernate";"HHH-1128";"1.1";"x";"";""
"wordpress-android";"4241";"1.1";"";"";"x"
"wordpress-android";"1658";"2.1";"";"";"x"
"facebook";"5163";"1.2";"";"x";""
"eclipse";"53958";"1.1";"x";"";""
"httpd";"12229";"2.1";"x";"";""
"firefox";"576450";"2.4";"x";"";""
"libreoffice";"90330";"4.1";"x";"";""
"docker";"10258";"5.2";"x";"";""
"wordpress-android";"197";"2.1";"";"x";""
"firefox";"276713";"1.4";"x";"";""
"docker";"4614";"1.1";"x";"";"x"
"firefox";"281774";"6.1";"";"x";""
"libreoffice";"73059";"3.1";"x";"";""
"hibernate";"HHH-3321";"3.1";"x";"";"x"
"docker";"125";"3.1";"x";"";""
"docker";"5873";"1.1";"";"x";""
"facebook";"16018";"3.1";"x";"";""
"facebook";"10079";"3.1";"";"";"x"
"firefox";"379552";"1.1";"";"x";""
"firefox";"579338";"6.1";"";"x";""
"libreoffice";"58235";"1.1";"x";"";""
"wordpress-android";"4241";"1.2";"x";"";""
"facebook";"5163";"1.1";"x";"";""
"firefox";"283880";"2.1";"x";"";""
"eclipse";"189497";"1.2";"";"x";""
"openmrs";"TRUNK-977";"1.1";"x";"";""
"eclipse";"230933";"4.1";"x";"";""
"facebook";"2074";"1.1";"";"";"x"
"firefox";"229950";"10.1";"";"x";""
"eclipse";"327211";"2.2";"x";"";""
"hibernate";"HHH-2494";"1.1";"x";"";""
"facebook";"13018";"3.2";"";"x";""
"firefox";"278242";"3.2";"x";"";""
"wordpress-android";"1948";"1.2";"";"x";""
"facebook";"6776";"3.1";"";"x";""
"facebook";"12009";"2.1";"x";"";""
"hibernate";"HHH-4591";"1.1";"x";"";""
"openmrs";"TRUNK-626";"1.1";"x";"";""
"libreoffice";"73093";"8.1";"x";"";""
"hibernate";"HHH-8006";"1.1";"x";"";""
"httpd";"49633";"1.1";"x";"";""
"httpd";"43263";"1.2";"";"x";""
"httpd";"33679";"6.1";"x";"";""
"firefox";"266508";"5.1";"x";"";""
"firefox";"283880";"2.2";"x";"";""
"libreoffice";"71330";"5.1";"x";"";""
"hibernate";"HHH-4915";"6.2";"";"";"x"
"facebook";"2413";"1.1";"";"";"x"
"facebook";"612";"3.2";"x";"";""
"docker";"18841";"1.1";"x";"";"x"
"firefox";"278242";"3.3";"x";"";""
"openmrs";"TRUNK-879";"1.1";"x";"";""
"eclipse";"75521";"1.3";"x";"";""
"httpd";"8713";"2.1";"x";"";""
"hibernate";"HHH-6942";"8.1";"x";"";""
"eclipse";"249668";"2.7";"x";"";""
"httpd";"43263";"1.1";"x";"x";""
"facebook";"7952";"3.1";"x";"";""
"openmrs";"TRUNK-4285";"1.1";"x";"";""
"firefox";"283880";"2.3";"x";"";""
"openmrs";"TRUNK-1628";"1.2";"x";"";""
"wordpress-android";"184";"2.1";"x";"";""
"httpd";"10489";"5.1";"x";"";""
"hibernate";"HHH-4915";"6.1";"x";"";""
"httpd";"22346";"1.1";"x";"";""
"httpd";"27715";"1.1";"x";"";""
"facebook";"8414";"4.1";"x";"";""
"firefox";"284918";"2.1";"";"x";""
"hibernate";"HHH-10455";"17.1";"x";"";""
"httpd";"48364";"1.2";"";"";"x"
"openmrs";"TRUNK-879";"1.2";"";"";"x"
"eclipse";"115579";"2.1";"x";"";""
"httpd";"42340";"6.1";"";"x";""
"firefox";"446167";"5.1";"";"x";""
"hibernate";"HHH-4810";"1.1";"x";"";""
"firefox";"639327";"7.1";"x";"";""
"facebook";"13376";"1.1";"x";"x";""
"httpd";"43275";"2.2";"";"x";""
"openmrs";"TRUNK-4298";"1.5";"x";"";""
"openmrs";"TRUNK-4285";"1.2";"x";"";""
"openmrs";"TRUNK-1628";"1.1";"x";"";"x"
"wordpress-android";"3247";"2.1";"";"x";""
"eclipse";"75521";"1.1";"";"";"x"
"firefox";"422263";"5.1";"";"x";""
"hibernate";"HHH-5895";"1.1";"x";"";""
"httpd";"24750";"1.2";"x";"";"x"
"libreoffice";"57723";"1.1";"";"";"x"
"facebook";"10755";"4.1";"x";"";""
"firefox";"214664";"2.1";"x";"";""
"hibernate";"HHH-4810";"1.2";"x";"";""
"httpd";"49633";"1.2";"x";"";""
"wordpress-android";"1659";"1.1";"x";"";""
"httpd";"43275";"2.1";"x";"";""
"httpd";"30419";"14.1";"";"";"x"
"libreoffice";"32122";"2.1";"x";"";""
"httpd";"22346";"1.3";"";"x";""
"facebook";"12646";"1.1";"x";"";""
"libreoffice";"91503";"2.1";"x";"";""
"firefox";"261198";"4.1";"x";"";""
"firefox";"278242";"3.6";"";"x";""
"httpd";"38923";"3.1";"x";"";""
"hibernate";"HHH-9135";"6.1";"x";"";""
"facebook";"10526";"2.6";"x";"";""
"facebook";"2736";"2.1";"x";"";""
"eclipse";"121640";"2.1";"x";"";""
"eclipse";"41883";"1.5";"x";"x";""
"libreoffice";"46461";"12.1";"x";"";""
"eclipse";"124036";"1.2";"x";"";""
"facebook";"12395";"2.1";"x";"";""
"libreoffice";"58953";"3.1";"x";"";""
"hibernate";"HHH-10666";"2.1";"x";"";""
"docker";"15997";"7.2";"x";"";""
"docker";"21563";"10.1";"";"";"x"
"wordpress-android";"99";"1.4";"x";"";""
"httpd";"22346";"1.2";"x";"";""
"firefox";"629409";"2.1";"x";"";""
"facebook";"14131";"3.1";"x";"x";""
"libreoffice";"70776";"6.3";"x";"";""
"hibernate";"HHH-5642";"1.1";"x";"";""
"libreoffice";"56469";"3.1";"x";"";""
"libreoffice";"46731";"4.2";"";"x";""
"facebook";"10526";"2.5";"x";"";""
"httpd";"49633";"1.4";"";"";"x"
"docker";"18053";"1.1";"x";"";""
"eclipse";"316459";"1.1";"x";"";""
"libreoffice";"60253";"1.1";"x";"";""
"hibernate";"HHH-76";"1.1";"x";"";"x"
"docker";"8374";"2.1";"x";"";""
"httpd";"28582";"1.5";"x";"";""
"docker";"15997";"7.3";"x";"";""
"openmrs";"TRUNK-536";"2.1";"x";"";""
"eclipse";"124036";"1.4";"";"x";""
"httpd";"25090";"3.1";"x";"";""
"docker";"20921";"11.4";"x";"";""
"wordpress-android";"1560";"2.2";"";"x";""
"firefox";"278242";"3.4";"x";"";""
"docker";"589";"1.1";"x";"";""
"firefox";"468770";"2.3";"x";"";""
"httpd";"42929";"1.1";"x";"";""
"httpd";"39313";"1.2";"x";"";""
"firefox";"321832";"2.1";"x";"";""
"hibernate";"HHH-10666";"2.3";"";"x";""
"hibernate";"HHH-384";"5.1";"";"x";""
"facebook";"7747";"3.1";"x";"";""
"httpd";"15597";"3.1";"x";"";""
"httpd";"23728";"3.2";"";"";"x"
"openmrs";"TRUNK-1169";"1.1";"x";"";""
"firefox";"601004";"3.1";"x";"";""
"hibernate";"HHH-6572";"1.1";"x";"";""
"facebook";"13018";"3.1";"x";"";""
"libreoffice";"94259";"1.1";"x";"";""
"wordpress-android";"1560";"2.1";"x";"";""
"docker";"10270";"6.1";"x";"";""
"docker";"15997";"7.1";"x";"";""
"eclipse";"150";"1.3";"x";"";""
"docker";"9327";"2.1";"x";"";""
"libreoffice";"60253";"1.3";"x";"";""
"httpd";"39313";"1.3";"";"x";""
"docker";"15025";"2.1";"x";"";""
"httpd";"46616";"4.1";"";"x";""
"httpd";"19718";"2.2";"x";"";""
"libreoffice";"89162";"3.5";"x";"";""
"openmrs";"TRUNK-3481";"1.1";"x";"";""
"firefox";"639327";"2.5";"x";"";""
"facebook";"10257";"1.1";"x";"";""
"httpd";"50278";"2.1";"";"x";""
"facebook";"14112";"1.1";"x";"";""
"hibernate";"HHH-10099";"4.1";"x";"";""
"eclipse";"73299";"3.2";"";"x";""
"docker";"9736";"1.3";"x";"";""
"docker";"7052";"3.1";"";"";"x"
"firefox";"639327";"2.4";"x";"";""
"httpd";"19442";"2.1";"x";"x";""
"httpd";"38036";"5.1";"x";"";""
"docker";"410";"1.1";"";"x";""
"openmrs";"TRUNK-3987";"2.1";"x";"";""
"docker";"16218";"2.1";"x";"";""
"hibernate";"HHH-7346";"1.1";"x";"";""
"firefox";"226732";"2.1";"x";"";""
"docker";"8686";"3.1";"x";"";""
"wordpress-android";"2852";"1.1";"";"x";""
"firefox";"347012";"3.1";"x";"";""
"facebook";"9460";"1.1";"";"x";""
"libreoffice";"52610";"2.6";"x";"";""
"firefox";"336495";"7.1";"x";"";""
"hibernate";"HHH-10062";"2.1";"";"";"x"
"docker";"5036";"1.1";"";"x";""
"docker";"9473";"1.3";"x";"";""
"docker";"9736";"1.2";"";"";"x"
"wordpress-android";"881";"1.1";"x";"";""
"httpd";"9708";"1.1";"x";"";""
"openmrs";"TRUNK-492";"1.1";"x";"";""
"wordpress-android";"3994";"3.1";"";"";"x"
"wordpress-android";"1560";"1.1";"x";"";""
"openmrs";"TRUNK-2857";"1.1";"x";"";""
"libreoffice";"93470";"3.2";"";"x";""
"facebook";"2438";"1.1";"x";"";""
"firefox";"292292";"8.1";"";"x";""
"wordpress-android";"4247";"1.1";"x";"x";""
"libreoffice";"89162";"3.6";"x";"";""
"httpd";"45487";"3.1";"";"x";""
"httpd";"42929";"7.5";"";"x";""
"firefox";"251376";"5.1";"x";"";""
"docker";"9736";"1.1";"";"";"x"
"facebook";"13084";"3.1";"x";"";""
"eclipse";"16643";"3.1";"x";"";""
"httpd";"8034";"4.1";"";"";"x"
"httpd";"47895";"1.1";"x";"";"x"
"openmrs";"TRUNK-1162";"3.1";"x";"";""
"docker";"14732";"7.1";"x";"";""
"httpd";"37790";"1.4";"x";"";""
"eclipse";"288017";"1.1";"x";"";""
"facebook";"8455";"3.1";"";"";"x"
"hibernate";"HHH-8922";"2.1";"x";"";""
"httpd";"48364";"1.21";"x";"";""
"eclipse";"136242";"3.1";"x";"";""
"httpd";"42929";"7.4";"x";"";""
"hibernate";"HHH-10099";"4.2";"x";"";""
"eclipse";"73299";"3.1";"x";"";""
"facebook";"12951";"2.1";"";"x";""
"facebook";"2998";"1.2";"x";"";""
"wordpress-android";"900";"1.1";"x";"";""
"httpd";"20402";"4.1";"";"x";""
"firefox";"639327";"2.1";"x";"";""
"firefox";"349584";"1.2";"x";"";""
"wordpress-android";"3665";"3.1";"x";"x";""
"docker";"17470";"5.3";"x";"";""
"libreoffice";"41577";"2.2";"x";"";""
"libreoffice";"52610";"2.9";"x";"";""
"httpd";"37790";"1.3";"x";"";""
"hibernate";"HHH-5001";"3.4";"";"";"x"
"eclipse";"157933";"5.1";"x";"";""
"docker";"10738";"1.2";"x";"";""
"httpd";"48364";"1.20";"x";"";""
"hibernate";"HHH-10695";"1.1";"x";"";""
"httpd";"8141";"4.2";"x";"";""
"libreoffice";"70776";"4.1";"x";"";""
"libreoffice";"62725";"1.3";"x";"";""
"firefox";"369380";"5.1";"";"x";""
"httpd";"20402";"4.2";"x";"";""
"hibernate";"HHH-4810";"9.1";"x";"";""
"hibernate";"HHH-263";"1.2";"x";"x";""
"libreoffice";"41577";"2.3";"x";"";""
"docker";"8642";"3.1";"x";"";""
"hibernate";"HHH-3216";"1.1";"x";"";""
"hibernate";"HHH-5001";"3.5";"x";"";""
"docker";"338";"1.2";"x";"";""
"facebook";"6776";"2.1";"";"";"x"
"httpd";"37790";"1.2";"x";"";""
"firefox";"341327";"2.1";"x";"";""
"firefox";"239727";"7.2";"";"x";""
"httpd";"48364";"1.1";"x";"";""
"httpd";"43645";"1.1";"x";"";""
"firefox";"645010";"8.1";"";"x";""
"docker";"4614";"7.1";"x";"";""
"httpd";"9708";"1.5";"x";"";""
"firefox";"453787";"2.1";"x";"";""
"httpd";"37968";"1.2";"";"x";""
"libreoffice";"98781";"3.2";"x";"";""
"eclipse";"3553";"3.2";"";"x";""
"docker";"17470";"5.1";"x";"";""
"docker";"15314";"9.1";"";"x";""
"eclipse";"127201";"4.1";"x";"";""
"docker";"15651";"6.1";"x";"";""
"hibernate";"HHH-4948";"1.1";"x";"";""
"facebook";"612";"3.3";"";"x";""
"libreoffice";"36365";"2.1";"x";"";""
"libreoffice";"41577";"2.4";"x";"";""
"docker";"338";"1.1";"";"x";""
"docker";"23302";"13.1";"x";"";""
"httpd";"37790";"1.1";"";"";"x"
"httpd";"36507";"2.1";"x";"x";""
"firefox";"341327";"2.2";"";"x";""
"firefox";"403387";"5.1";"";"x";""
"libreoffice";"52610";"2.7";"x";"";""
"openmrs";"TRUNK-594";"1.5";"x";"";""
"firefox";"629409";"6.1";"";"x";""
"facebook";"4794";"1.1";"x";"";""
"eclipse";"139083";"4.2";"";"x";""
"libreoffice";"68403";"4.2";"x";"";""
"hibernate";"HHH-9436";"1.2";"x";"";""
"openmrs";"TRUNK-3987";"2.3";"x";"";""
"httpd";"19718";"2.3";"x";"";""
"httpd";"37968";"1.1";"x";"";""
"libreoffice";"98781";"3.1";"x";"";""
"httpd";"40657";"3.1";"";"x";""
"httpd";"50278";"2.2";"";"x";""
"hibernate";"HHH-263";"1.4";"x";"";""
"eclipse";"199084";"2.1";"x";"";""
"eclipse";"63650";"2.1";"";"";"x"
"facebook";"6776";"2.3";"x";"";""
"eclipse";"278951";"3.1";"";"x";""
"firefox";"421854";"2.2";"x";"";""
"httpd";"42340";"5.1";"x";"";""
"libreoffice";"46318";"3.1";"x";"";""
"docker";"20876";"3.1";"x";"";""
"wordpress-android";"3555";"2.1";"x";"";""
"hibernate";"HHH-3523";"1.1";"x";"";""
"hibernate";"HHH-10682";"1.1";"x";"";""
"firefox";"468805";"4.6";"x";"";""
"firefox";"409194";"4.5";"x";"";""
"firefox";"457187";"2.3";"x";"";""
"facebook";"112";"1.1";"x";"";""
"firefox";"284918";"8.1";"";"x";""
"eclipse";"252759";"1.3";"x";"";""
"openmrs";"TRUNK-265";"1.1";"x";"";""
"facebook";"5640";"2.3";"x";"";""
"openmrs";"TRUNK-536";"9.1";"x";"";""
"facebook";"3024";"3.2";"x";"";""
"openmrs";"TRUNK-594";"1.3";"x";"";""
"facebook";"10321";"4.1";"x";"";""
"httpd";"17856";"1.1";"x";"";""
"hibernate";"HHH-10264";"4.1";"x";"";""
"facebook";"112";"1.2";"x";"";""
"httpd";"43533";"2.6";"x";"";""
"hibernate";"HHH-10427";"2.1";"x";"";""
"docker";"16340";"8.1";"x";"";""
"httpd";"7798";"6.1";"x";"";""
"httpd";"38009";"2.1";"";"x";""
"facebook";"16712";"2.3";"x";"";""
"libreoffice";"69607";"3.5";"x";"";""
"libreoffice";"47544";"2.6";"x";"x";""
"wordpress-android";"3645";"1.1";"x";"";""
"openmrs";"TRUNK-1198";"2.1";"x";"";""
"facebook";"5640";"2.2";"x";"";""
"httpd";"30419";"17.3";"x";"";""
"facebook";"4412";"1.1";"x";"";""
"httpd";"50996";"1.1";"";"";"x"
"facebook";"15316";"7.1";"";"";"x"
"facebook";"112";"1.3";"";"x";""
"httpd";"16699";"3.1";"x";"";""
"libreoffice";"65974";"3.2";"x";"";""
"firefox";"283880";"8.1";"";"x";""
"firefox";"376996";"3.2";"x";"";""
"httpd";"46773";"1.1";"";"x";""
"libreoffice";"44380";"2.1";"x";"";""
"firefox";"579541";"1.2";"";"x";""
"facebook";"16018";"2.1";"x";"";""
"facebook";"16712";"2.4";"x";"";""
"openmrs";"TRUNK-256";"1.4";"x";"";""
"firefox";"389003";"5.1";"";"x";""
"facebook";"16712";"2.5";"x";"";""
"firefox";"364478";"5.1";"x";"";""
"openmrs";"TRUNK-594";"1.1";"x";"";""
"openmrs";"TRUNK-3846";"1.2";"";"x";""
"facebook";"3224";"7.1";"x";"";""
"eclipse";"335951";"1.2";"";"x";""
"httpd";"50199";"1.2";"";"x";""
"facebook";"15363";"1.1";"x";"";"x"
"facebook";"1498";"4.1";"x";"";""
"libreoffice";"65974";"3.1";"x";"";""
"httpd";"46773";"1.2";"";"";"x"
"httpd";"30419";"17.1";"x";"";""
"firefox";"453787";"9.1";"x";"";""
"eclipse";"319230";"2.1";"x";"";""
"firefox";"579541";"1.3";"";"x";""
"httpd";"39211";"3.1";"x";"";""
"eclipse";"335951";"1.1";"x";"";""
"openmrs";"TRUNK-3846";"1.1";"x";"";""
"httpd";"50199";"1.1";"x";"";""
"libreoffice";"61331";"1.2";"x";"";""
"docker";"21563";"13.2";"x";"";""
"docker";"2619";"2.1";"";"x";""
"openmrs";"TRUNK-256";"1.2";"x";"";""
"openmrs";"TRUNK-3670";"3.1";"";"x";""
"openmrs";"TRUNK-3690";"1.1";"x";"";""
"wordpress-android";"3391";"1.1";"x";"";""
"docker";"14038";"3.1";"x";"";""
"facebook";"7410";"2.1";"x";"";""
"hibernate";"HHH-9565";"1.1";"";"";"x"
"facebook";"17609";"1.6";"x";"";""
"libreoffice";"55917";"1.1";"";"";"x"
"libreoffice";"71489";"4.1";"x";"";""
"openmrs";"TRUNK-3833";"1.1";"x";"";""
"firefox";"579338";"3.1";"x";"";""
"facebook";"8978";"1.1";"x";"";""
"libreoffice";"86001";"2.5";"x";"";""
"openmrs";"TRUNK-707";"1.1";"x";"";""
"wordpress-android";"3163";"2.1";"x";"";""
"libreoffice";"42380";"2.1";"x";"";""
"httpd";"41844";"5.4";"x";"";""
"docker";"17832";"1.1";"x";"";""
"httpd";"46773";"1.4";"";"x";""
"facebook";"16175";"4.1";"";"x";""
"firefox";"253953";"7.1";"x";"";""
"eclipse";"325755";"3.3";"x";"";""
"eclipse";"16207";"3.1";"x";"";""
"wordpress-android";"3913";"4.7";"x";"";""
"firefox";"579541";"1.1";"x";"";""
"openmrs";"TRUNK-256";"1.3";"x";"x";""
"facebook";"17609";"1.5";"x";"";""
"libreoffice";"47544";"2.2";"x";"";""
"wordpress-android";"627";"2.1";"x";"";""
"openmrs";"TRUNK-903";"1.1";"x";"";""
"libreoffice";"86001";"2.4";"x";"";""
"libreoffice";"46461";"2.1";"x";"";""
"httpd";"30419";"17.7";"x";"";""
"libreoffice";"90744";"2.1";"x";"";""
"httpd";"46773";"1.5";"x";"";""
"facebook";"6931";"3.1";"";"";"x"
"facebook";"9104";"1.1";"x";"";""
"firefox";"639238";"2.2";"x";"";""
"wordpress-android";"3913";"4.8";"x";"";""
"docker";"12186";"1.1";"x";"";""
"facebook";"7834";"8.1";"x";"";""
"docker";"18297";"10.3";"x";"";""
"eclipse";"98780";"3.1";"x";"";""
"httpd";"30419";"29.1";"x";"";""
"wordpress-android";"233";"4.1";"";"";"x"
"libreoffice";"49073";"1.2";"x";"";""
"hibernate";"HHH-8041";"2.11";"x";"";""
"eclipse";"48130";"1.11";"x";"";""
"docker";"22963";"24.2";"";"x";""
"openmrs";"TRUNK-256";"1.1";"x";"";""
"firefox";"377066";"1.1";"x";"";""
"libreoffice";"98112";"1.1";"x";"";""
"eclipse";"190160";"2.3";"x";"x";""
"libreoffice";"63783";"2.1";"x";"";""
"libreoffice";"63818";"3.1";"x";"";""
"facebook";"17716";"1.1";"";"";"x"
"wordpress-android";"2144";"1.1";"";"x";""
"facebook";"2379";"1.1";"x";"";""
"facebook";"7834";"8.2";"x";"";""
"wordpress-android";"3391";"1.2";"x";"";""
"hibernate";"HHH-9394";"6.1";"x";"";""
"firefox";"269121";"4.1";"";"x";""
"firefox";"639238";"2.1";"x";"";""
"httpd";"8034";"8.1";"x";"";""
"facebook";"3024";"3.3";"x";"";""
"facebook";"5892";"3.1";"x";"";""
"wordpress-android";"1457";"1.2";"";"x";""
"facebook";"4665";"1.1";"";"x";""
"httpd";"16009";"1.1";"x";"";""
"facebook";"10602";"3.2";"x";"x";""
"facebook";"13384";"1.1";"x";"";""
"libreoffice";"44026";"4.1";"x";"";""
"facebook";"14452";"7.1";"x";"";""
"facebook";"8988";"4.1";"x";"";""
"openmrs";"TRUNK-93";"1.1";"";"x";""
"firefox";"606671";"3.3";"x";"";""
"libreoffice";"57723";"4.1";"x";"";""
"facebook";"8429";"3.1";"";"";"x"
"eclipse";"155526";"3.1";"";"x";""
"hibernate";"HHH-10264";"1.2";"x";"";""
"facebook";"4334";"7.1";"x";"";""
"openmrs";"TRUNK-71";"1.4";"x";"";""
"docker";"19652";"3.1";"x";"";""
"firefox";"576450";"3.3";"x";"";""
"libreoffice";"32122";"3.2";"x";"";""
"facebook";"2074";"4.1";"x";"";""
"httpd";"16057";"5.1";"";"x";""
"docker";"11087";"3.1";"x";"";""
"hibernate";"HHH-5082";"1.1";"x";"";""
"firefox";"321832";"3.1";"x";"";""
"httpd";"36509";"7.1";"x";"";""
"eclipse";"96887";"3.1";"x";"x";""
"openmrs";"TRUNK-71";"1.5";"x";"";""
"eclipse";"306824";"2.5";"x";"";""
"eclipse";"116715";"1.4";"x";"";""
"facebook";"14206";"1.1";"x";"";""
"docker";"23383";"4.2";"";"x";""
"firefox";"576450";"3.2";"x";"";""
"docker";"19650";"1.2";"x";"";""
"eclipse";"40357";"2.1";"x";"";""
"hibernate";"HHH-2905";"3.4";"x";"";""
"facebook";"7747";"2.1";"x";"";""
"firefox";"453787";"6.1";"";"x";""
"facebook";"13356";"6.1";"x";"";""
"eclipse";"73947";"2.1";"x";"";""
"firefox";"381201";"2.1";"x";"";""
"firefox";"381806";"2.1";"";"x";""
"firefox";"606671";"3.1";"x";"";""
"eclipse";"262128";"3.1";"x";"";""
"firefox";"396039";"8.1";"x";"";""
"firefox";"253230";"2.3";"x";"";""
"docker";"23383";"4.1";"x";"";""
"docker";"19650";"1.1";"x";"";""
"eclipse";"116715";"1.3";"x";"";""
"eclipse";"40357";"2.2";"";"x";""
"hibernate";"HHH-2905";"3.3";"x";"";""
"httpd";"50907";"1.3";"x";"";""
"eclipse";"11184";"4.1";"x";"";""
"docker";"943";"2.1";"x";"";"x"
"eclipse";"152809";"2.2";"x";"";""
"hibernate";"HHH-8041";"2.2";"x";"";""
"facebook";"10602";"3.1";"x";"";""
"firefox";"606671";"3.2";"x";"";""
"docker";"7727";"4.2";"x";"";""
"openmrs";"TRUNK-443";"1.1";"x";"";""
"facebook";"15443";"1.1";"x";"";""
"hibernate";"HHH-104";"1.1";"";"";"x"
"hibernate";"HHH-10264";"1.1";"x";"";""
"openmrs";"TRUNK-791";"1.1";"";"x";""
"firefox";"253230";"2.2";"x";"";""
"hibernate";"HHH-2905";"3.2";"";"";"x"
"facebook";"2301";"1.1";"x";"";"x"
"httpd";"9186";"1.1";"x";"";""
"firefox";"372163";"3.1";"x";"x";""
"openmrs";"TRUNK-693";"1.2";"x";"";""
"hibernate";"HHH-457";"3.1";"";"x";""
"libreoffice";"73059";"4.1";"x";"";""
"eclipse";"298926";"2.1";"x";"";""
"eclipse";"17740";"2.1";"x";"";""
"openmrs";"TRUNK-791";"1.2";"";"x";""
"firefox";"458603";"11.1";"";"x";""
"openmrs";"TRUNK-3129";"1.1";"x";"";""
"eclipse";"209682";"5.2";"x";"";""
"hibernate";"HHH-10220";"1.2";"x";"";""
"eclipse";"317569";"4.2";"x";"";""
"hibernate";"HHH-76";"4.1";"x";"";""
"eclipse";"4207";"1.1";"x";"";""
"httpd";"38036";"1.1";"x";"";""
"hibernate";"HHH-8041";"2.4";"x";"";""
"facebook";"3310";"2.1";"x";"";""
"firefox";"381201";"2.2";"x";"";""
"libreoffice";"94941";"3.1";"";"x";""
"facebook";"8160";"1.1";"x";"";""
"hibernate";"HHH-4899";"1.2";"x";"";""
"hibernate";"HHH-10220";"1.3";"";"x";""
"hibernate";"HHH-6572";"30.1";"x";"";""
"openmrs";"TRUNK-791";"1.3";"x";"x";"x"
"httpd";"46678";"6.3";"x";"";""
"hibernate";"HHH-9741";"2.30";"x";"";""
"eclipse";"187321";"6.1";"x";"";""
"hibernate";"HHH-4591";"2.1";"";"";"x"
"hibernate";"HHH-3755";"1.1";"x";"";""
"libreoffice";"52602";"2.1";"x";"";""
"wordpress-android";"4241";"2.1";"";"x";""
"eclipse";"209682";"5.1";"x";"";""
"wordpress-android";"4046";"1.3";"x";"";""
"docker";"18160";"2.1";"";"x";""
"httpd";"50907";"1.2";"x";"";""
"libreoffice";"88355";"3.4";"x";"";""
"firefox";"274044";"4.1";"x";"";""
"httpd";"9186";"1.3";"x";"";""
"eclipse";"4207";"1.2";"x";"";""
"facebook";"3224";"3.1";"x";"";""
"firefox";"334991";"2.1";"x";"";""
"hibernate";"HHH-9565";"4.2";"x";"";""
"hibernate";"HHH-5081";"2.1";"x";"";""
"facebook";"12692";"2.2";"";"x";""
"firefox";"343431";"2.1";"x";"";""
"hibernate";"HHH-126";"1.2";"x";"";""
"openmrs";"TRUNK-791";"1.4";"";"x";""
"hibernate";"HHH-5895";"2.2";"x";"";""
"eclipse";"288017";"5.2";"";"x";""
"firefox";"591579";"1.1";"x";"";""
"libreoffice";"92984";"7.1";"";"x";""
"firefox";"576450";"3.1";"";"x";""
"openmrs";"TRUNK-4051";"6.1";"x";"";""
"httpd";"21160";"11.1";"x";"";""
"httpd";"38036";"1.3";"x";"";""
"eclipse";"306006";"2.4";"x";"";"x"
"httpd";"47895";"5.1";"x";"x";""
"libreoffice";"41577";"10.10";"x";"x";""
"hibernate";"HHH-4915";"7.1";"";"";"x"
"hibernate";"HHH-9565";"4.1";"x";"";""
"docker";"10884";"1.2";"x";"";""
"hibernate";"HHH-9947";"1.1";"x";"x";""
"docker";"10884";"1.1";"x";"";""
"docker";"13115";"3.2";"x";"";""
"firefox";"269657";"2.3";"x";"";""
"httpd";"32426";"2.1";"x";"x";""
"eclipse";"228223";"1.1";"";"";"x"
"facebook";"3224";"3.2";"x";"";""
"libreoffice";"97331";"2.8";"x";"";""
"wordpress-android";"3177";"2.1";"x";"";""
"firefox";"280723";"6.1";"";"x";""
"hibernate";"HHH-6572";"29.1";"x";"x";""
"httpd";"47923";"1.1";"x";"";""
"httpd";"42929";"4.1";"x";"";""
"hibernate";"HHH-10220";"1.1";"x";"";""
"facebook";"8347";"1.1";"x";"";""
"firefox";"415347";"5.1";"";"x";""
"docker";"19758";"1.16";"";"x";""
"eclipse";"306006";"2.3";"";"x";""
"wordpress-android";"3913";"1.3";"x";"";""
"firefox";"351604";"4.1";"x";"";""
"wordpress-android";"1069";"2.4";"x";"x";""
"hibernate";"HHH-5668";"2.1";"x";"";""
"facebook";"5018";"1.5";"";"x";""
"docker";"19438";"3.2";"";"x";""
"wordpress-android";"1164";"1.1";"x";"";"x"
"facebook";"6351";"1.1";"x";"";""
"facebook";"13960";"1.1";"x";"";""
"firefox";"347970";"1.1";"x";"";""
"docker";"12174";"4.1";"x";"";""
"docker";"5672";"1.1";"x";"";""
"firefox";"421854";"2.1";"x";"";""
"libreoffice";"67506";"1.3";"x";"";""
"facebook";"14820";"1.1";"x";"";""
"firefox";"369351";"4.2";"x";"";""
"libreoffice";"71489";"8.1";"x";"";""
"eclipse";"185056";"3.2";"x";"";""
"libreoffice";"31072";"2.1";"x";"";""
"firefox";"253629";"3.1";"x";"";""
"libreoffice";"68403";"1.1";"x";"";""
"firefox";"253230";"6.1";"";"x";""
"httpd";"50283";"5.2";"";"x";""
"hibernate";"HHH-5056";"4.1";"x";"";""
"openmrs";"TRUNK-712";"1.1";"x";"";""
"eclipse";"306006";"2.2";"";"x";""
"docker";"17126";"3.1";"";"x";""
"openmrs";"TRUNK-2638";"2.2";"";"x";""
"hibernate";"HHH-3321";"2.2";"x";"";"x"
"httpd";"38923";"4.1";"x";"";""
"facebook";"13960";"1.2";"x";"";""
"firefox";"403387";"2.1";"x";"";""
"openmrs";"TRUNK-838";"3.5";"x";"";""
"facebook";"10526";"3.6";"x";"";""
"libreoffice";"65584";"1.4";"x";"";""
"eclipse";"115579";"1.1";"";"";"x"
"facebook";"5018";"1.4";"x";"";""
"hibernate";"HHH-6256";"4.1";"x";"";""
"hibernate";"HHH-3321";"2.1";"";"";"x"
"eclipse";"286568";"1.1";"x";"";"x"
"wordpress-android";"1658";"1.1";"";"";"x"
"docker";"23302";"9.1";"x";"";""
"facebook";"13356";"2.1";"";"x";""
"libreoffice";"67506";"1.2";"x";"";""
"docker";"20469";"19.1";"";"x";""
"eclipse";"329047";"1.1";"x";"";""
"docker";"19758";"1.18";"x";"";""
"libreoffice";"81062";"3.1";"x";"";""
"hibernate";"HHH-4703";"2.3";"x";"";""
"hibernate";"HHH-5001";"6.1";"x";"";""
"httpd";"50283";"5.1";"";"x";""
"docker";"17533";"5.3";"x";"";""
"firefox";"284528";"7.1";"";"x";""
"libreoffice";"35282";"12.4";"x";"";""
"eclipse";"306006";"2.1";"x";"";""
"facebook";"16175";"1.1";"x";"";""
"libreoffice";"56469";"4.1";"x";"";""
"hibernate";"HHH-4506";"3.1";"";"x";""
"docker";"17342";"1.1";"x";"";""
"libreoffice";"92984";"3.1";"";"x";""
"hibernate";"HHH-4808";"7.2";"";"x";""
"libreoffice";"67506";"1.5";"x";"";""
"docker";"4204";"1.1";"";"x";""
"facebook";"13323";"4.1";"x";"";""
"openmrs";"TRUNK-2638";"2.1";"x";"";""
"httpd";"46417";"4.1";"x";"";""
"docker";"9327";"1.1";"x";"";""
"wordpress-android";"1284";"1.1";"x";"";""
"facebook";"12009";"1.2";"";"x";""
"httpd";"28942";"1.4";"";"";"x"
"hibernate";"HHH-5001";"6.2";"x";"";""
"hibernate";"HHH-126";"8.1";"x";"";""
"docker";"642";"1.1";"x";"";""
"httpd";"40981";"4.1";"x";"";""
"hibernate";"HHH-3216";"4.2";"x";"";""
"docker";"12174";"4.2";"x";"";""
"wordpress-android";"1164";"1.2";"x";"";"x"
"firefox";"336495";"10.1";"x";"";""
"facebook";"14820";"1.2";"x";"";""
"libreoffice";"46461";"13.1";"x";"";""
"wordpress-android";"2983";"2.1";"x";"";""
"httpd";"40431";"3.1";"";"x";""
"firefox";"268527";"4.1";"x";"";""
"facebook";"2736";"1.1";"";"";"x"
"libreoffice";"67506";"1.4";"x";"";"x"
"facebook";"13378";"2.1";"x";"";""
"httpd";"44962";"3.1";"x";"";""
"libreoffice";"71330";"4.6";"x";"";""
"eclipse";"72317";"1.1";"x";"";""
"firefox";"440010";"7.1";"";"x";""
"libreoffice";"47736";"2.1";"x";"";""
"libreoffice";"94751";"2.1";"x";"";""
"firefox";"243855";"2.3";"x";"";""
"facebook";"15316";"3.1";"x";"";""
"eclipse";"99059";"2.3";"";"x";""
"facebook";"13018";"2.1";"x";"";""
"firefox";"442572";"6.6";"x";"";""
"docker";"11180";"7.1";"";"x";""
"openmrs";"TRUNK-2857";"1.3";"x";"";""
"openmrs";"TRUNK-3445";"1.1";"x";"x";""
"docker";"19214";"1.1";"x";"";""
"firefox";"247330";"2.4";"x";"";""
"hibernate";"HHH-9769";"1.1";"x";"";""
"httpd";"25507";"2.1";"x";"";""
"eclipse";"5820";"3.1";"x";"";""
"docker";"14175";"4.1";"x";"";""
"firefox";"369380";"2.1";"x";"";""
"docker";"22358";"1.1";"x";"x";""
"httpd";"8141";"1.3";"x";"";""
"firefox";"265169";"3.1";"";"x";""
"httpd";"26526";"2.2";"x";"";""
"openmrs";"TRUNK-3378";"1.1";"";"x";""
"docker";"19758";"1.19";"x";"";""
"openmrs";"TRUNK-2381";"1.1";"x";"";""
"facebook";"8818";"2.2";"x";"";""
"hibernate";"HHH-10062";"2.6";"x";"";""
"firefox";"442572";"6.7";"x";"";""
"openmrs";"TRUNK-2857";"1.4";"";"";"x"
"openmrs";"TRUNK-3445";"1.2";"x";"";""
"facebook";"13018";"2.2";"x";"";""
"docker";"11285";"1.2";"x";"";""
"facebook";"14152";"1.3";"x";"";""
"docker";"13455";"5.1";"";"";"x"
"openmrs";"TRUNK-834";"3.1";"x";"";""
"eclipse";"72121";"1.5";"x";"";""
"hibernate";"HHH-3523";"4.2";"x";"";""
"docker";"9043";"4.1";"";"";"x"
"firefox";"369380";"2.2";"x";"";""
"docker";"9327";"1.2";"x";"";""
"httpd";"28942";"1.3";"";"";"x"
"hibernate";"HHH-4808";"7.1";"";"x";""
"hibernate";"HHH-6630";"4.1";"x";"";"x"
"httpd";"8141";"1.2";"x";"";""
"facebook";"2736";"1.3";"x";"";""
"libreoffice";"89659";"7.3";"";"x";""
"docker";"20876";"10.1";"";"";"x"
"docker";"1583";"3.1";"x";"";""
"libreoffice";"46479";"1.2";"x";"";""
"openmrs";"TRUNK-2638";"2.5";"x";"";""
"wordpress-android";"447";"3.1";"";"x";""
"wordpress-android";"2117";"1.1";"x";"";""
"firefox";"247330";"2.2";"x";"x";""
"httpd";"10687";"4.1";"x";"";""
"facebook";"13018";"2.3";"x";"";""
"hibernate";"HHH-5668";"2.3";"";"x";""
"libreoffice";"46731";"3.2";"x";"";""
"facebook";"5205";"1.1";"x";"";""
"openmrs";"TRUNK-1661";"2.1";"";"";"x"
"firefox";"534059";"5.1";"";"x";""
"facebook";"10526";"3.5";"x";"";""
"httpd";"43275";"1.1";"x";"";""
"hibernate";"HHH-3523";"4.1";"x";"x";""
"docker";"16340";"5.1";"x";"";""
"firefox";"302021";"9.1";"";"x";""
"firefox";"263848";"4.2";"";"x";""
"libreoffice";"67506";"1.1";"";"x";""
"httpd";"8890";"3.1";"";"";"x"
"libreoffice";"89659";"7.2";"";"x";""
"hibernate";"HHH-9011";"3.2";"x";"";""
"hibernate";"HHH-5545";"1.1";"x";"";""
"httpd";"38213";"6.2";"x";"";""
"facebook";"4629";"2.1";"x";"";""
"httpd";"30419";"13.1";"";"";"x"
"eclipse";"99059";"2.2";"x";"";""
"openmrs";"TRUNK-2638";"2.4";"x";"";"x"
"wordpress-android";"3913";"1.2";"x";"";""
"libreoffice";"46479";"1.3";"x";"";""
"firefox";"247330";"2.1";"";"x";""
"firefox";"439967";"5.2";"";"";"x"
"facebook";"14152";"1.1";"x";"";""
"libreoffice";"90092";"4.1";"x";"";""
"hibernate";"HHH-5668";"2.2";"x";"";""
"openmrs";"TRUNK-74";"2.1";"";"x";""
"httpd";"28942";"1.1";"x";"";""
"docker";"17247";"2.1";"x";"";""
"httpd";"29569";"1.8";"x";"";""
"docker";"22358";"1.2";"x";"";""
"eclipse";"33259";"2.1";"x";"";""
"libreoffice";"31072";"2.2";"x";"";""
"hibernate";"HHH-9011";"3.1";"x";"";""
"httpd";"40292";"3.6";"x";"";""
"firefox";"228607";"2.2";"x";"";""
"httpd";"14303";"1.1";"";"x";""
"libreoffice";"35919";"10.1";"x";"";""
"docker";"18145";"1.1";"x";"";""
"hibernate";"HHH-7167";"8.1";"";"x";""
"httpd";"12596";"2.1";"";"x";""
"hibernate";"HHH-5079";"1.1";"x";"";""
"httpd";"50278";"1.4";"";"x";""
"libreoffice";"41577";"10.4";"x";"";""
"libreoffice";"99036";"2.1";"x";"";""
"eclipse";"165342";"5.2";"x";"";""
"facebook";"227";"2.1";"x";"";""
"libreoffice";"93470";"4.1";"x";"";""
"facebook";"10321";"1.2";"";"";"x"
"httpd";"46417";"2.1";"";"";"x"
"docker";"15997";"18.2";"x";"";""
"httpd";"8546";"1.1";"x";"";""
"eclipse";"136242";"4.1";"x";"";""
"openmrs";"TRUNK-536";"1.1";"x";"";""
"libreoffice";"35919";"3.1";"x";"";""
"openmrs";"TRUNK-1697";"1.1";"x";"";""
"eclipse";"189497";"3.4";"x";"";""
"docker";"19650";"7.1";"x";"";""
"httpd";"43250";"3.1";"";"x";""
"openmrs";"TRUNK-3690";"2.1";"";"x";""
"libreoffice";"60240";"3.4";"";"x";""
"facebook";"12907";"1.1";"x";"";"x"
"firefox";"280117";"6.8";"";"x";""
"httpd";"43533";"1.1";"x";"";""
"httpd";"50278";"1.3";"";"x";""
"httpd";"33724";"1.1";"x";"";""
"libreoffice";"41577";"10.5";"x";"x";""
"docker";"14038";"2.1";"x";"";""
"docker";"3677";"1.1";"x";"";""
"eclipse";"165342";"5.3";"";"x";""
"docker";"9043";"17.1";"x";"";""
"docker";"15997";"18.1";"x";"";"x"
"facebook";"4794";"2.1";"x";"";""
"hibernate";"HHH-2429";"2.3";"x";"";""
"firefox";"314999";"2.1";"x";"";""
"docker";"9472";"1.1";"";"";"x"
"openmrs";"TRUNK-3514";"1.2";"x";"";""
"httpd";"30419";"2.1";"x";"";""
"libreoffice";"60240";"3.5";"x";"";""
"libreoffice";"41577";"10.2";"x";"";""
"httpd";"8034";"12.2";"x";"";""
"libreoffice";"94259";"2.1";"x";"";"x"
"httpd";"50278";"1.2";"x";"";""
"docker";"14038";"2.2";"";"";"x"
"eclipse";"43057";"1.2";"";"";"x"
"libreoffice";"78583";"1.1";"x";"";""
"openmrs";"TRUNK-657";"2.1";"x";"";""
"wordpress-android";"420";"1.3";"x";"";""
"docker";"3206";"1.1";"x";"";""
"eclipse";"16643";"2.4";"x";"";""
"wordpress-android";"1167";"1.1";"x";"";"x"
"firefox";"645010";"9.1";"x";"";""
"docker";"7807";"2.1";"x";"";""
"hibernate";"HHH-10062";"3.1";"";"x";""
"firefox";"368320";"6.1";"";"x";""
"libreoffice";"94941";"2.10";"x";"";""
"openmrs";"TRUNK-539";"2.1";"x";"";""
"libreoffice";"60854";"3.1";"";"x";""
"docker";"3451";"8.1";"x";"";""
"hibernate";"HHH-4948";"2.1";"";"x";""
"libreoffice";"41577";"10.3";"x";"";""
"eclipse";"43057";"1.3";"x";"";""
"httpd";"50278";"1.1";"x";"";""
"docker";"14038";"2.3";"x";"";""
"libreoffice";"69607";"2.2";"x";"";""
"facebook";"3419";"12.1";"x";"";""
"eclipse";"98971";"1.6";"";"x";""
"firefox";"334301";"5.1";"";"x";""
"firefox";"549600";"2.1";"x";"";""
"facebook";"3030";"1.2";"x";"";""
"firefox";"215262";"6.1";"";"x";""
"libreoffice";"68403";"3.2";"x";"";""
"openmrs";"TRUNK-1697";"1.2";"";"x";""
"firefox";"616093";"3.1";"x";"";""
"httpd";"32147";"1.1";"x";"";""
"libreoffice";"58953";"2.1";"";"";"x"
"libreoffice";"71550";"5.1";"";"x";""
"firefox";"284528";"2.2";"x";"";""
"firefox";"228607";"2.6";"x";"";""
"libreoffice";"35282";"3.3";"x";"";""
"firefox";"489595";"2.3";"";"x";""
"facebook";"2490";"1.1";"x";"";""
"firefox";"280117";"6.3";"";"x";""
"docker";"15651";"5.2";"";"";"x"
"eclipse";"199084";"3.1";"x";"";""
"httpd";"10489";"7.1";"x";"";""
"httpd";"15870";"1.1";"x";"";""
"hibernate";"HHH-5001";"4.1";"x";"";""
"facebook";"4327";"6.1";"x";"";""
"libreoffice";"41577";"10.8";"x";"";""
"httpd";"42340";"4.1";"x";"";""
"hibernate";"HHH-4808";"4.1";"x";"";""
"httpd";"32147";"1.2";"x";"";""
"eclipse";"164945";"1.2";"x";"";""
"openmrs";"TRUNK-4285";"2.1";"x";"";""
"eclipse";"104448";"1.1";"x";"";""
"firefox";"384505";"2.1";"x";"";""
"firefox";"622283";"2.2";"x";"";""
"docker";"10270";"4.1";"x";"";""
"facebook";"2490";"1.2";"x";"";""
"eclipse";"105368";"1.1";"x";"";""
"hibernate";"HHH-5001";"4.2";"x";"";""
"libreoffice";"41577";"10.9";"x";"";""
"httpd";"42340";"4.2";"x";"";""
"eclipse";"52985";"1.2";"x";"";""
"libreoffice";"42948";"4.3";"x";"";""
"firefox";"364478";"6.1";"";"x";""
"firefox";"298807";"5.1";"";"x";""
"openmrs";"TRUNK-505";"1.3";"x";"";""
"hibernate";"HHH-10427";"3.1";"";"";"x"
"facebook";"10689";"1.8";"x";"";""
"firefox";"489595";"2.1";"x";"";""
"hibernate";"HHH-126";"7.1";"x";"";""
"libreoffice";"35282";"3.1";"x";"";""
"firefox";"468805";"5.1";"";"x";""
"firefox";"451552";"11.1";"";"x";""
"docker";"16763";"1.2";"x";"";""
"httpd";"23728";"15.1";"";"x";""
"wordpress-android";"148";"1.4";"x";"";""
"wordpress-android";"1123";"1.1";"x";"";""
"firefox";"280117";"6.5";"";"x";""
"firefox";"247330";"5.1";"";"x";""
"docker";"21403";"2.1";"x";"";""
"httpd";"36509";"3.1";"";"";"x"
"hibernate";"HHH-9394";"3.1";"";"x";""
"hibernate";"HHH-126";"10.2";"";"x";""
"hibernate";"HHH-5001";"4.3";"x";"";""
"firefox";"268527";"5.1";"";"x";""
"facebook";"8694";"1.3";"x";"";""
"libreoffice";"99036";"2.3";"x";"";""
"httpd";"42340";"4.3";"x";"";""
"docker";"8942";"6.4";"x";"";""
"firefox";"285762";"2.1";"x";"";""
"httpd";"46678";"1.3";"x";"";""
"firefox";"229950";"9.1";"x";"";""
"libreoffice";"34995";"2.1";"x";"";""
"hibernate";"HHH-591";"1.1";"x";"";""
"libreoffice";"90744";"5.1";"x";"";""
"docker";"2067";"3.1";"x";"";""
"docker";"15997";"9.2";"";"";"x"
"facebook";"1056";"1.1";"x";"";""
"firefox";"253629";"2.1";"x";"";""
"libreoffice";"62725";"2.2";"x";"";""
"httpd";"9708";"2.1";"";"";"x"
"firefox";"280117";"6.6";"";"x";""
"wordpress-android";"148";"1.5";"";"x";""
"firefox";"228607";"2.9";"x";"";""
"docker";"18145";"1.2";"x";"";""
"eclipse";"50884";"1.3";"x";"";""
"httpd";"15870";"1.2";"x";"";""
"libreoffice";"99036";"2.2";"x";"";""
"libreoffice";"41577";"10.7";"";"x";""
"docker";"21403";"2.2";"x";"";""
"docker";"13455";"3.1";"x";"";""
"httpd";"50278";"1.5";"";"x";""
"hibernate";"HHH-5001";"4.4";"x";"";""
"hibernate";"HHH-4100";"1.1";"x";"";""
"facebook";"6931";"6.1";"x";"";""
"docker";"6612";"3.2";"";"";"x"
"openmrs";"TRUNK-1248";"1.1";"x";"";""
"eclipse";"86850";"1.1";"x";"";""
"hibernate";"HHH-10695";"2.1";"";"";"x"
"httpd";"22437";"2.1";"x";"";""
"wordpress-android";"3645";"2.8";"x";"";""
"hibernate";"HHH-591";"1.2";"x";"";""
"openmrs";"TRUNK-4051";"1.1";"";"x";""
"openmrs";"TRUNK-495";"1.1";"x";"";""
"facebook";"1056";"1.2";"x";"";""
"facebook";"2490";"1.5";"x";"";""
"libreoffice";"51201";"4.1";"x";"";""
"httpd";"7798";"5.3";"x";"";""
"firefox";"251376";"2.1";"";"x";""
"hibernate";"HHH-2324";"1.1";"x";"";""
"hibernate";"HHH-6942";"2.1";"x";"";""
"facebook";"3419";"3.1";"x";"";""
"facebook";"11886";"1.1";"x";"";""
"hibernate";"HHH-3307";"2.2";"x";"";""
"firefox";"239727";"6.2";"x";"";""
"docker";"11180";"3.1";"x";"";""
"libreoffice";"55917";"2.2";"";"x";""
"httpd";"45356";"6.2";"x";"";""
"openmrs";"TRUNK-1960";"1.1";"x";"";""
"firefox";"384936";"2.1";"x";"";""
"libreoffice";"100654";"1.3";"";"x";""
"eclipse";"139083";"3.3";"x";"";""
"httpd";"7798";"5.4";"x";"";""
"libreoffice";"71550";"1.1";"x";"";""
"httpd";"11801";"1.2";"x";"";""
"eclipse";"127617";"1.1";"x";"";""
"httpd";"18492";"7.1";"x";"";""
"libreoffice";"46177";"4.1";"x";"";""
"httpd";"20402";"3.1";"x";"";""
"hibernate";"HHH-7444";"4.1";"x";"";""
"wordpress-android";"122";"1.1";"x";"";""
"eclipse";"320785";"1.2";"x";"";""
"hibernate";"HHH-6942";"2.2";"x";"";""
"openmrs";"TRUNK-3229";"1.1";"";"x";""
"hibernate";"HHH-126";"10.1";"x";"";""
"facebook";"11886";"1.2";"";"x";""
"hibernate";"HHH-3307";"2.3";"x";"";""
"wordpress-android";"1465";"1.1";"x";"";""
"firefox";"324354";"6.1";"";"x";""
"hibernate";"HHH-1219";"1.1";"x";"";""
"libreoffice";"100654";"1.2";"x";"";""
"httpd";"39499";"2.1";"";"";"x"
"openmrs";"TRUNK-1960";"1.2";"x";"";""
"libreoffice";"55917";"2.3";"";"";"x"
"docker";"8942";"6.3";"x";"";""
"firefox";"298807";"1.1";"x";"";""
"libreoffice";"60666";"4.1";"";"x";""
"libreoffice";"98112";"2.4";"x";"";""
"httpd";"41844";"6.6";"x";"";""
"facebook";"353";"1.2";"x";"";""
"hibernate";"HHH-591";"8.1";"x";"";""
"httpd";"27535";"1.2";"x";"";""
"facebook";"5761";"2.2";"x";"";""
"wordpress-android";"122";"1.2";"x";"";""
"firefox";"266370";"7.1";"";"x";""
"eclipse";"270417";"2.1";"x";"x";""
"facebook";"5896";"4.1";"";"x";""
"firefox";"229950";"2.2";"x";"";""
"facebook";"4665";"2.1";"x";"";""
"docker";"23616";"5.1";"x";"";""
"hibernate";"HHH-10682";"2.1";"x";"";""
"wordpress-android";"375";"1.2";"x";"";""
"httpd";"8141";"5.1";"x";"";""
"libreoffice";"49073";"2.3";"x";"";""
"facebook";"5366";"1.1";"x";"";""
"firefox";"253629";"9.1";"";"x";""
"facebook";"122";"1.1";"x";"";""
"docker";"660";"3.1";"";"x";""
"facebook";"353";"1.1";"x";"";""
"firefox";"639327";"5.1";"";"x";""
"firefox";"266896";"2.9";"x";"";""
"eclipse";"127201";"3.1";"x";"";""
"libreoffice";"89162";"2.1";"x";"";""
"openmrs";"TRUNK-536";"8.1";"x";"";""
"wordpress-android";"2210";"1.2";"";"x";""
"firefox";"229950";"2.1";"x";"";""
"hibernate";"HHH-10682";"2.2";"";"";"x"
"hibernate";"HHH-3826";"2.3";"x";"";""
"facebook";"13756";"2.1";"x";"";""
"docker";"23616";"5.2";"x";"";""
"wordpress-android";"375";"1.1";"x";"";""
"firefox";"284528";"2.1";"x";"";""
"facebook";"1648";"1.1";"x";"";""
"eclipse";"190982";"2.1";"x";"";""
"hibernate";"HHH-3307";"2.1";"x";"";""
"facebook";"15316";"13.1";"x";"";""
"libreoffice";"63818";"4.1";"";"x";""
"hibernate";"HHH-76";"7.1";"x";"";""
"libreoffice";"31822";"1.2";"";"";"x"
"openmrs";"TRUNK-3042";"1.1";"x";"";""
"eclipse";"60101";"2.1";"";"";"x"
"openmrs";"TRUNK-1194";"1.1";"x";"x";""
"firefox";"442572";"2.1";"x";"";""
"httpd";"33724";"5.1";"";"x";""
"httpd";"9618";"3.1";"";"x";""
"firefox";"247525";"2.1";"x";"";""
"docker";"4046";"1.2";"x";"";""
"eclipse";"79982";"2.1";"";"x";""
"httpd";"50711";"1.1";"";"";"x"
"firefox";"421295";"5.1";"";"x";""
"hibernate";"HHH-5725";"1.2";"x";"";""
"facebook";"14224";"1.2";"x";"";""
"eclipse";"208860";"6.1";"x";"";""
"eclipse";"11184";"3.2";"x";"";""
"docker";"943";"1.2";"x";"";""
"httpd";"30865";"1.4";"x";"";""
"eclipse";"283431";"1.1";"x";"";""
"hibernate";"HHH-10561";"3.1";"x";"";""
"httpd";"27535";"1.1";"x";"";""
"facebook";"8000";"2.4";"x";"";""
"httpd";"27076";"1.1";"x";"";""
"libreoffice";"41577";"10.1";"x";"";""
"httpd";"15336";"1.2";"x";"";""
"eclipse";"60101";"2.2";"";"x";""
"facebook";"9104";"2.1";"x";"";""
"docker";"18091";"1.1";"x";"";""
"libreoffice";"100654";"1.7";"x";"";""
"openmrs";"TRUNK-3042";"1.2";"";"x";""
"openmrs";"TRUNK-1976";"2.3";"x";"";""
"facebook";"6776";"1.1";"x";"";""
"firefox";"442572";"2.2";"x";"";""
"libreoffice";"65300";"1.1";"x";"";""
"docker";"23105";"2.1";"x";"";""
"docker";"15314";"1.2";"x";"";""
"firefox";"284918";"7.1";"x";"";""
"docker";"4046";"1.1";"x";"";""
"eclipse";"189497";"3.7";"x";"";""
"wordpress-android";"2704";"1.1";"x";"";""
"hibernate";"HHH-5346";"5.3";"x";"";""
"eclipse";"11184";"3.1";"";"x";""
"firefox";"215939";"2.1";"x";"";"x"
"httpd";"16696";"1.5";"x";"";""
"httpd";"43533";"1.2";"x";"";""
"libreoffice";"60301";"1.1";"x";"";"x"
"firefox";"518392";"2.1";"x";"";""
"hibernate";"HHH-8439";"1.2";"x";"x";""
"docker";"9058";"1.1";"x";"";""
"docker";"7727";"2.3";"x";"";""
"httpd";"18492";"10.1";"x";"";""
"docker";"15314";"1.1";"x";"";""
"httpd";"50902";"5.1";"x";"";""
"firefox";"252353";"5.2";"";"x";""
"libreoffice";"39744";"3.1";"x";"";""
"httpd";"30865";"1.2";"x";"";""
"facebook";"13604";"3.1";"x";"";""
"eclipse";"172636";"4.1";"";"x";""
"hibernate";"HHH-8439";"1.1";"x";"";""
"docker";"7727";"2.4";"";"x";""
"openmrs";"TRUNK-1976";"2.1";"x";"";""
"httpd";"18492";"10.2";"x";"";""
"libreoffice";"55917";"2.1";"x";"";""
"openmrs";"TRUNK-552";"2.1";"x";"";""
"facebook";"8988";"1.1";"";"";"x"
"httpd";"27076";"1.3";"";"x";""
"docker";"17470";"2.1";"x";"";""
"facebook";"14224";"1.1";"x";"x";""
"facebook";"9084";"3.1";"x";"";""
"eclipse";"53958";"3.1";"";"x";""
"eclipse";"294983";"2.2";"x";"";""
"wordpress-android";"97";"1.5";"x";"";""
"wordpress-android";"3714";"1.4";"x";"";""
"httpd";"10489";"3.1";"x";"";""
"docker";"15651";"1.2";"x";"";""
"wordpress-android";"4296";"1.3";"";"x";""
"facebook";"15316";"4.2";"x";"";""
"eclipse";"4207";"2.1";"";"x";""
"libreoffice";"66547";"3.2";"";"x";""
"httpd";"50996";"3.3";"";"x";""
"eclipse";"306824";"3.1";"x";"";""
"hibernate";"HHH-4810";"12.1";"x";"";""
"openmrs";"TRUNK-2787";"1.1";"x";"";"x"
"libreoffice";"45449";"2.2";"x";"";""
"libreoffice";"58415";"5.1";"x";"";""
"facebook";"8856";"4.1";"x";"x";""
"libreoffice";"88355";"2.1";"x";"";""
"facebook";"10537";"2.1";"x";"";""
"wordpress-android";"1658";"4.1";"x";"";""
"wordpress-android";"2983";"5.1";"";"x";""
"wordpress-android";"4296";"1.2";"";"x";""
"httpd";"42929";"3.1";"";"x";""
"wordpress-android";"97";"1.6";"";"x";""
"facebook";"15316";"4.1";"x";"";""
"docker";"11087";"2.4";"x";"";""
"wordpress-android";"4296";"1.4";"";"x";""
"libreoffice";"66547";"3.1";"x";"";""
"docker";"22836";"12.2";"";"x";""
"eclipse";"4207";"2.2";"";"x";""
"eclipse";"113724";"3.1";"x";"";""
"facebook";"10689";"1.14";"x";"";""
"eclipse";"73947";"1.1";"";"";"x"
"facebook";"3005";"3.1";"x";"";""
"firefox";"389003";"1.1";"x";"x";""
"wordpress-android";"2650";"1.2";"";"x";""
"eclipse";"294983";"2.1";"x";"";""
"firefox";"606671";"4.1";"";"x";""
"firefox";"364478";"2.1";"x";"";""
"eclipse";"171670";"4.1";"";"x";""
"facebook";"5205";"2.1";"";"x";""
"eclipse";"17740";"1.1";"";"";"x"
"httpd";"31848";"2.1";"x";"";""
"httpd";"38923";"1.2";"x";"";""
"libreoffice";"45449";"2.1";"x";"";""
"docker";"1470";"4.1";"x";"";""
"firefox";"337760";"8.1";"x";"";""
"facebook";"10755";"2.1";"x";"";""
"eclipse";"138514";"3.1";"x";"";""
"docker";"7483";"1.1";"x";"x";""
"facebook";"7968";"2.2";"x";"";""
"docker";"11087";"2.3";"x";"";""
"httpd";"33679";"1.5";"x";"";""
"eclipse";"267563";"4.1";"";"x";""
"facebook";"8264";"4.2";"x";"";""
"facebook";"14197";"1.2";"";"x";""
"facebook";"12692";"1.1";"x";"";""
"facebook";"5053";"2.2";"x";"";""
"facebook";"2202";"1.1";"x";"";""
"facebook";"2476";"1.1";"x";"";""
"facebook";"9217";"1.4";"x";"";""
"docker";"4046";"1.4";"x";"";""
"libreoffice";"86001";"2.7";"x";"";""
"eclipse";"317569";"5.1";"";"x";""
"eclipse";"294983";"2.3";"x";"";""
"httpd";"33679";"1.4";"x";"";""
"wordpress-android";"4241";"3.1";"x";"";""
"facebook";"8264";"4.1";"x";"";""
"httpd";"50996";"3.2";"x";"";""
"facebook";"10689";"1.12";"x";"";""
"httpd";"25949";"1.2";"x";"";""
"docker";"11087";"2.2";"x";"";""
"facebook";"5063";"1.1";"x";"x";""
"wordpress-android";"3068";"1.1";"x";"";""
"wordpress-android";"1239";"1.1";"x";"";""
"facebook";"4637";"4.1";"";"x";""
"docker";"14175";"3.1";"x";"";""
"wordpress-android";"526";"1.1";"";"";"x"
"openmrs";"TRUNK-3914";"1.1";"x";"";""
"eclipse";"316459";"3.1";"";"x";""
"httpd";"50996";"3.1";"x";"";""
"httpd";"23728";"5.1";"x";"";""
"libreoffice";"86001";"2.6";"x";"";""
"openmrs";"TRUNK-3129";"2.1";"";"x";""
"httpd";"33679";"4.2";"x";"";""
"wordpress-android";"4296";"1.1";"";"x";""
"libreoffice";"90330";"2.4";"x";"";""
"firefox";"265169";"6.1";"";"x";""
"httpd";"33679";"1.3";"x";"";""
"eclipse";"57037";"4.1";"x";"";"x"
"hibernate";"HHH-8041";"3.2";"";"x";""
"libreoffice";"55719";"3.6";"x";"";""
"openmrs";"TRUNK-1198";"1.1";"x";"";""
"eclipse";"16015";"3.1";"x";"x";""
"facebook";"10257";"5.1";"x";"";""
"httpd";"39499";"6.2";"x";"";""
"openmrs";"TRUNK-824";"1.1";"x";"";""
"libreoffice";"86725";"3.3";"";"";"x"
"facebook";"14526";"2.1";"x";"";""
"hibernate";"HHH-4810";"3.1";"x";"";""
"openmrs";"TRUNK-1955";"1.2";"";"x";""
"firefox";"324354";"2.2";"x";"";""
"firefox";"266896";"2.5";"x";"";""
"firefox";"369351";"3.1";"x";"x";""
"wordpress-android";"2210";"1.1";"";"x";""
"eclipse";"190982";"2.2";"";"x";""
"httpd";"32147";"11.1";"";"x";""
"firefox";"505642";"6.1";"";"x";""
"facebook";"14206";"2.1";"x";"";""
"docker";"6706";"3.1";"x";"";""
"firefox";"440010";"4.1";"";"";"x"
"firefox";"458603";"3.2";"x";"x";""
"libreoffice";"48717";"5.1";"";"";"x"
"httpd";"21160";"10.2";"x";"";""
"hibernate";"HHH-151";"5.1";"x";"";""
"hibernate";"HHH-8041";"3.1";"x";"x";""
"eclipse";"125350";"2.2";"x";"";""
"wordpress-android";"152";"1.4";"x";"";""
"facebook";"7968";"2.1";"";"x";""
"libreoffice";"95144";"4.1";"x";"";""
"hibernate";"HHH-1300";"1.1";"x";"";""
"docker";"1985";"1.2";"x";"";""
"eclipse";"155526";"4.1";"x";"";""
"libreoffice";"73093";"6.2";"x";"";""
"openmrs";"TRUNK-824";"1.2";"x";"";""
"firefox";"266896";"2.6";"x";"";""
"firefox";"458603";"3.1";"x";"";""
"httpd";"9490";"1.1";"x";"";""
"facebook";"14206";"2.2";"x";"";""
"libreoffice";"44026";"5.1";"";"x";""
"httpd";"33679";"1.1";"x";"";""
"libreoffice";"86725";"3.1";"";"";"x"
"eclipse";"125350";"2.1";"x";"";""
"facebook";"2050";"1.1";"x";"";""
"eclipse";"270798";"12.1";"";"x";""
"eclipse";"272692";"1.1";"x";"";""
"httpd";"38036";"2.1";"";"x";""
"openmrs";"TRUNK-683";"3.1";"x";"";""
"openmrs";"TRUNK-693";"2.1";"x";"";""
"httpd";"7798";"5.1";"x";"";""
"libreoffice";"88249";"2.1";"";"x";""
"hibernate";"HHH-3523";"7.1";"x";"";""
"firefox";"639238";"5.1";"";"x";""
"wordpress-android";"2650";"1.1";"x";"";"x"
"firefox";"280117";"2.1";"x";"";""
"firefox";"266896";"2.3";"x";"";""
"docker";"3855";"1.2";"x";"";""
"eclipse";"306824";"3.3";"x";"";""
"firefox";"549600";"9.1";"x";"";""
"libreoffice";"52602";"1.1";"";"";"x"
"libreoffice";"73093";"6.1";"";"x";""
"docker";"9894";"2.1";"x";"";""
"hibernate";"HHH-10601";"3.1";"";"";"x"
"wordpress-android";"3758";"1.1";"x";"";""
"docker";"19214";"4.1";"x";"";""
"facebook";"2050";"1.2";"x";"";""
"hibernate";"HHH-384";"7.1";"x";"";""
"libreoffice";"86725";"3.2";"x";"";""
"docker";"15651";"1.1";"x";"";""
"firefox";"372163";"2.1";"x";"";""
"httpd";"7798";"5.2";"x";"";""
"firefox";"368320";"2.1";"x";"";""
"firefox";"381806";"3.1";"x";"";""
"facebook";"16712";"2.1";"x";"";""
"hibernate";"HHH-8435";"1.1";"x";"";""
"openmrs";"TRUNK-1955";"1.1";"x";"";""
"docker";"16340";"2.1";"x";"";""
"eclipse";"246948";"4.7";"x";"";""
"openmrs";"TRUNK-2787";"1.2";"x";"";""
"firefox";"266896";"2.4";"x";"";""
"firefox";"240494";"3.1";"x";"";""
"httpd";"32147";"11.2";"";"x";""
"httpd";"50711";"4.1";"x";"";""
"docker";"8942";"2.1";"";"x";""
"httpd";"11801";"1.3";"x";"";""
"libreoffice";"64925";"1.2";"x";"";""
"docker";"17533";"6.2";"";"x";""
"httpd";"25090";"1.1";"";"";"x"
"wordpress-android";"3918";"5.1";"x";"";""
"eclipse";"330015";"2.1";"x";"";""
"hibernate";"HHH-9565";"5.1";"";"";"x"
"firefox";"336495";"11.1";"";"x";""
"firefox";"185220";"2.1";"x";"";""
"firefox";"410292";"2.2";"x";"x";""
"eclipse";"294864";"1.1";"x";"";""
"firefox";"656562";"2.1";"x";"";""
"hibernate";"HHH-3755";"2.1";"x";"";""
"eclipse";"185056";"2.5";"";"x";""
"facebook";"3310";"1.1";"x";"";""
"facebook";"305";"1.2";"";"";"x"
"hibernate";"HHH-7638";"5.2";"x";"";""
"httpd";"30419";"24.2";"x";"";""
"docker";"20876";"3.2";"x";"";""
"libreoffice";"56997";"2.3";"x";"";""
"eclipse";"33259";"3.1";"x";"";""
"wordpress-android";"1492";"1.1";"x";"";""
"hibernate";"HHH-384";"3.1";"x";"";""
"eclipse";"67940";"1.1";"x";"";""
"httpd";"42767";"10.1";"x";"";""
"wordpress-android";"3665";"4.1";"";"x";""
"eclipse";"50884";"1.1";"x";"";"x"
"libreoffice";"74675";"1.2";"x";"";""
"eclipse";"330015";"2.2";"x";"";""
"facebook";"14123";"4.1";"x";"";""
"httpd";"8034";"2.1";"x";"";""
"eclipse";"319425";"2.3";"x";"";""
"libreoffice";"46731";"2.4";"x";"";""
"facebook";"16250";"1.1";"x";"";""
"facebook";"10347";"1.1";"x";"";""
"facebook";"10079";"5.1";"x";"";""
"hibernate";"HHH-3755";"2.2";"";"x";""
"wordpress-android";"3552";"2.1";"x";"";""
"firefox";"458603";"12.1";"";"x";""
"hibernate";"HHH-151";"1.2";"x";"";""
"facebook";"9283";"1.2";"x";"";""
"docker";"15997";"9.1";"x";"";""
"httpd";"46616";"2.1";"x";"";""
"wordpress-android";"4327";"2.1";"";"x";""
"httpd";"8090";"3.1";"";"";"x"
"wordpress-android";"3913";"2.2";"";"x";""
"libreoffice";"37693";"1.1";"x";"";""
"libreoffice";"70277";"1.1";"x";"";""
"docker";"17126";"4.1";"x";"";""
"firefox";"261198";"2.1";"x";"";""
"libreoffice";"74675";"1.1";"x";"";"x"
"libreoffice";"90092";"3.1";"x";"";""
"httpd";"13020";"2.2";"x";"";""
"facebook";"3772";"1.3";"";"x";""
"libreoffice";"56997";"2.1";"";"";"x"
"httpd";"16866";"1.3";"x";"";""
"docker";"17247";"3.1";"x";"";""
"hibernate";"HHH-1629";"1.1";"x";"";""
"eclipse";"219552";"1.2";"x";"";""
"firefox";"274044";"5.1";"";"x";""
"eclipse";"125350";"2.4";"x";"";""
"eclipse";"269970";"1.1";"x";"";""
"docker";"15651";"5.1";"x";"";""
"httpd";"13020";"2.3";"x";"";""
"hibernate";"HHH-9565";"5.2";"";"";"x"
"wordpress-android";"620";"1.1";"x";"";""
"facebook";"3772";"1.2";"x";"";""
"facebook";"13960";"2.1";"x";"";""
"facebook";"6034";"1.2";"x";"";""
"eclipse";"294864";"1.2";"x";"";""
"firefox";"334301";"2.2";"x";"";""
"httpd";"16866";"1.2";"x";"";""
"hibernate";"HHH-7638";"5.1";"x";"";""
"libreoffice";"56997";"2.2";"x";"";""
"hibernate";"HHH-3321";"1.2";"";"";"x"
"firefox";"251376";"6.1";"";"x";""
"firefox";"253230";"5.1";"x";"";""
"eclipse";"119023";"2.2";"x";"";""
"firefox";"384936";"6.1";"x";"";""
"eclipse";"33007";"2.3";"x";"";""
"docker";"11087";"2.1";"x";"";""
"facebook";"10689";"1.2";"x";"";""
"openmrs";"TRUNK-1661";"1.2";"x";"";""
"facebook";"13356";"1.1";"x";"";""
"httpd";"45356";"2.2";"x";"";""
"wordpress-android";"2983";"1.1";"x";"";""
"eclipse";"103553";"1.1";"x";"";""
"httpd";"15923";"1.3";"x";"";""
"hibernate";"HHH-5001";"7.1";"x";"";""
"eclipse";"119023";"2.1";"";"";"x"
"eclipse";"98412";"1.6";"";"x";""
"wordpress-android";"4119";"1.1";"";"x";""
"openmrs";"TRUNK-3236";"2.1";"x";"";""
"facebook";"14197";"1.1";"x";"";""
"eclipse";"294864";"1.4";"";"x";""
"wordpress-android";"2983";"1.2";"x";"";""
"facebook";"8455";"1.1";"x";"";""
"hibernate";"HHH-10443";"1.2";"x";"";""
"libreoffice";"31072";"3.1";"x";"";""
"httpd";"50907";"4.1";"x";"";""
"openmrs";"TRUNK-1661";"1.1";"x";"";""
"firefox";"396039";"7.1";"";"x";""
"eclipse";"98412";"1.3";"x";"";""
"wordpress-android";"192";"1.1";"x";"";""
"httpd";"11638";"3.1";"x";"";""
"firefox";"309104";"2.3";"x";"";""
"openmrs";"TRUNK-3905";"1.1";"x";"";""
"facebook";"9460";"2.1";"x";"";""
"httpd";"11638";"3.2";"x";"x";""
"libreoffice";"81217";"1.1";"x";"";""
"facebook";"16681";"1.1";"x";"";""
"docker";"23207";"9.2";"";"x";""
"eclipse";"60657";"1.1";"x";"";"x"
"firefox";"269657";"5.1";"";"x";""
"libreoffice";"92984";"4.2";"x";"";""
"libreoffice";"94434";"2.2";"x";"";""
"hibernate";"HHH-10443";"1.1";"x";"";""
"facebook";"7198";"2.1";"x";"";""
"httpd";"28529";"3.1";"x";"";""
"hibernate";"HHH-3216";"3.1";"x";"";""
"httpd";"8034";"2.3";"x";"";""
"libreoffice";"60716";"3.1";"";"";"x"
"hibernate";"HHH-10455";"15.2";"x";"";""
"docker";"13350";"1.1";"x";"";""
"firefox";"309104";"2.4";"";"x";""
"libreoffice";"72566";"4.1";"";"x";""
"libreoffice";"94434";"2.1";"x";"";""
"httpd";"30419";"24.1";"x";"";""
"firefox";"611091";"2.1";"x";"";""
"facebook";"305";"1.1";"x";"";""
"hibernate";"HHH-2429";"2.1";"x";"";""
"httpd";"35652";"4.1";"";"x";""
